-- ============================================================
-- Seed data for hr_analytics schema
-- Run this AFTER hr_analytics_schema.sql
-- ============================================================
USE hr_analytics;

SET FOREIGN_KEY_CHECKS = 0;
TRUNCATE TABLE applicants;
TRUNCATE TABLE job_requisitions;
TRUNCATE TABLE exit_interviews;
TRUNCATE TABLE payroll;
TRUNCATE TABLE performance_reviews;
TRUNCATE TABLE attendance;
TRUNCATE TABLE employment_history;
TRUNCATE TABLE employees;
TRUNCATE TABLE job_titles;
TRUNCATE TABLE departments;
SET FOREIGN_KEY_CHECKS = 1;

-- 1. DEPARTMENTS
INSERT INTO departments (department_id, department_name, division) VALUES
(1, 'Human Resources', 'People & Culture'),
(2, 'Finance', 'Corporate Services'),
(3, 'Sales & Marketing', 'Commercial'),
(4, 'Operations', 'Commercial'),
(5, 'Information Technology', 'Corporate Services'),
(6, 'Customer Service', 'Commercial');

-- 2. JOB_TITLES
INSERT INTO job_titles (job_title_id, title_name, job_level, department_id) VALUES
(1, 'HR Officer', 'Officer', 1),
(2, 'HR Generalist', 'Associate', 1),
(3, 'HR Manager', 'Manager', 1),
(4, 'Accountant', 'Officer', 2),
(5, 'Finance Analyst', 'Associate', 2),
(6, 'Finance Manager', 'Manager', 2),
(7, 'Sales Executive', 'Officer', 3),
(8, 'Marketing Associate', 'Associate', 3),
(9, 'Sales Manager', 'Manager', 3),
(10, 'Operations Officer', 'Officer', 4),
(11, 'Operations Supervisor', 'Senior', 4),
(12, 'IT Support Officer', 'Officer', 5),
(13, 'Software Developer', 'Senior', 5),
(14, 'IT Manager', 'Manager', 5),
(15, 'Customer Service Rep', 'Officer', 6),
(16, 'Customer Service Lead', 'Senior', 6);

-- 3. EMPLOYEES
INSERT INTO employees (employee_id, staff_number, first_name, last_name, gender, date_of_birth, hire_date, employment_type, employment_status, termination_date, termination_reason, department_id, job_title_id, manager_id, base_salary, email, phone) VALUES
(1, 'STF1001', 'Ebele', 'Eze', 'Male', '1991-03-04', '2022-05-17', 'Full-time', 'Active', NULL, NULL, 5, 12, NULL, 634679.23, 'ebele.eze1@tuneryhrdemo.com', '08014265799'),
(2, 'STF1002', 'Oluwaseun', 'Balogun', 'Male', '1990-03-21', '2023-11-01', 'Full-time', 'Active', NULL, NULL, 6, 16, NULL, 349739.28, 'oluwaseun.balogun2@tuneryhrdemo.com', '08089089901'),
(3, 'STF1003', 'Babatunde', 'Ogunbiyi', 'Male', '1988-07-31', '2024-11-30', 'Full-time', 'Terminated', '2025-06-18', 'Performance', 1, 1, NULL, 472544.02, 'babatunde.ogunbiyi3@tuneryhrdemo.com', '08058181396'),
(4, 'STF1004', 'Halima', 'Sanni', 'Female', '1985-12-22', '2025-02-03', 'Full-time', 'Terminated', '2025-11-13', 'Resignation', 5, 13, NULL, 818641.59, 'halima.sanni4@tuneryhrdemo.com', '08093016315'),
(5, 'STF1005', 'Femi', 'Umeh', 'Male', '2000-10-20', '2021-05-23', 'Full-time', 'Terminated', '2023-04-05', 'Resignation', 2, 4, NULL, 472697.19, 'femi.umeh5@tuneryhrdemo.com', '08070855700'),
(6, 'STF1006', 'Ebele', 'Nwachukwu', 'Male', '1993-04-21', '2022-12-29', 'Full-time', 'Terminated', '2023-08-22', 'End of contract', 5, 14, NULL, 368504.41, 'ebele.nwachukwu6@tuneryhrdemo.com', '08072043515'),
(7, 'STF1007', 'Grace', 'Abubakar', 'Male', '2000-05-10', '2022-10-27', 'Contract', 'Active', NULL, NULL, 1, 2, 4, 386160.47, 'grace.abubakar7@tuneryhrdemo.com', '08038317637'),
(8, 'STF1008', 'Wale', 'Ekwueme', 'Female', '1989-10-08', '2024-09-04', 'Full-time', 'Active', NULL, NULL, 2, 5, 2, 369903.18, 'wale.ekwueme8@tuneryhrdemo.com', '08085345555'),
(9, 'STF1009', 'Yusuf', 'Abubakar', 'Female', '1998-02-02', '2023-03-29', 'Full-time', 'Active', NULL, NULL, 4, 10, 1, 843049.24, 'yusuf.abubakar9@tuneryhrdemo.com', '08030514014'),
(10, 'STF1010', 'Ebele', 'Bello', 'Female', '1998-05-18', '2021-05-11', 'Full-time', 'Active', NULL, NULL, 3, 9, 1, 703818.23, 'ebele.bello10@tuneryhrdemo.com', '08025374874'),
(11, 'STF1011', 'Yusuf', 'Danjuma', 'Female', '1999-05-18', '2022-11-28', 'Full-time', 'Active', NULL, NULL, 6, 16, 5, 766710.89, 'yusuf.danjuma11@tuneryhrdemo.com', '08078139880'),
(12, 'STF1012', 'Ngozi', 'Obi', 'Female', '1999-05-02', '2023-11-06', 'Full-time', 'Terminated', '2026-03-25', 'End of contract', 5, 14, 1, 641187.33, 'ngozi.obi12@tuneryhrdemo.com', '08075579548'),
(13, 'STF1013', 'Oluwaseun', 'Eze', 'Female', '1991-11-25', '2022-05-06', 'Full-time', 'On Leave', NULL, NULL, 1, 3, 4, 808337.91, 'oluwaseun.eze13@tuneryhrdemo.com', '08081498611'),
(14, 'STF1014', 'Yetunde', 'Okonkwo', 'Female', '1997-05-01', '2021-12-05', 'Full-time', 'Active', NULL, NULL, 2, 6, 6, 711198.08, 'yetunde.okonkwo14@tuneryhrdemo.com', '08051837852'),
(15, 'STF1015', 'Ahmed', 'Lawal', 'Female', '1994-10-29', '2026-01-17', 'Full-time', 'Terminated', '2026-05-15', 'Resignation', 3, 7, 5, 606519.57, 'ahmed.lawal15@tuneryhrdemo.com', '08088979095'),
(16, 'STF1016', 'Amaka', 'Okafor', 'Male', '2000-11-16', '2024-07-16', 'Full-time', 'Terminated', '2024-11-15', 'Performance', 1, 3, 2, 394427.49, 'amaka.okafor16@tuneryhrdemo.com', '08075151231'),
(17, 'STF1017', 'Segun', 'Muhammed', 'Male', '1997-10-22', '2024-03-26', 'Full-time', 'Active', NULL, NULL, 2, 4, 1, 687416.72, 'segun.muhammed17@tuneryhrdemo.com', '08057553014'),
(18, 'STF1018', 'Damilola', 'Okoro', 'Female', '1986-03-20', '2024-10-11', 'Full-time', 'Active', NULL, NULL, 6, 16, 1, 371465.38, 'damilola.okoro18@tuneryhrdemo.com', '08035529407'),
(19, 'STF1019', 'Yusuf', 'Ibrahim', 'Male', '1994-06-19', '2022-01-11', 'Full-time', 'Terminated', '2022-09-12', 'Restructuring', 5, 12, 1, 682151.57, 'yusuf.ibrahim19@tuneryhrdemo.com', '08082556484'),
(20, 'STF1020', 'Chidinma', 'Balogun', 'Male', '1988-09-24', '2023-04-13', 'Full-time', 'Terminated', '2025-10-10', 'Resignation', 2, 5, 1, 938687.81, 'chidinma.balogun20@tuneryhrdemo.com', '08045594951'),
(21, 'STF1021', 'Chinwe', 'Chukwu', 'Female', '2000-08-16', '2026-05-15', 'Full-time', 'Active', NULL, NULL, 4, 10, 2, 408465.03, 'chinwe.chukwu21@tuneryhrdemo.com', '08017849494'),
(22, 'STF1022', 'Chioma', 'Ojo', 'Male', '1992-01-14', '2021-04-28', 'Full-time', 'Active', NULL, NULL, 5, 12, 1, 919799.76, 'chioma.ojo22@tuneryhrdemo.com', '08020752378'),
(23, 'STF1023', 'Chukwuemeka', 'Balogun', 'Male', '2000-02-23', '2025-11-01', 'Full-time', 'Terminated', '2026-06-24', 'End of contract', 5, 14, 1, 656923.76, 'chukwuemeka.balogun23@tuneryhrdemo.com', '08066267415'),
(24, 'STF1024', 'Chioma', 'Umeh', 'Female', '1990-11-07', '2022-02-23', 'Full-time', 'Active', NULL, NULL, 2, 6, 6, 410997.75, 'chioma.umeh24@tuneryhrdemo.com', '08052436584'),
(25, 'STF1025', 'Adaeze', 'Okafor', 'Female', '1998-12-07', '2024-02-28', 'Intern', 'Terminated', '2025-01-01', 'Performance', 2, 5, 1, 857038.09, 'adaeze.okafor25@tuneryhrdemo.com', '08059597086'),
(26, 'STF1026', 'Chiamaka', 'Bello', 'Female', '1997-03-09', '2024-12-11', 'Full-time', 'Active', NULL, NULL, 5, 12, 6, 809170.18, 'chiamaka.bello26@tuneryhrdemo.com', '08050181935'),
(27, 'STF1027', 'Ngozi', 'Okonkwo', 'Female', '1987-08-04', '2025-12-28', 'Full-time', 'Active', NULL, NULL, 5, 12, 6, 444017.82, 'ngozi.okonkwo27@tuneryhrdemo.com', '08095125977'),
(28, 'STF1028', 'Fatima', 'Afolabi', 'Female', '1990-08-20', '2026-01-29', 'Intern', 'Terminated', '2026-06-22', 'Performance', 1, 1, 3, 773761.8, 'fatima.afolabi28@tuneryhrdemo.com', '08095511909'),
(29, 'STF1029', 'Fatima', 'Bello', 'Female', '1997-05-17', '2024-12-16', 'Full-time', 'Terminated', '2025-04-23', 'End of contract', 5, 12, 3, 628532.37, 'fatima.bello29@tuneryhrdemo.com', '08029876811'),
(30, 'STF1030', 'Damilola', 'Okonkwo', 'Male', '1991-12-01', '2023-01-17', 'Contract', 'Active', NULL, NULL, 3, 7, 6, 372137.9, 'damilola.okonkwo30@tuneryhrdemo.com', '08023796726'),
(31, 'STF1031', 'Halima', 'Danjuma', 'Female', '1998-12-03', '2025-03-15', 'Full-time', 'Active', NULL, NULL, 2, 5, 1, 318107.71, 'halima.danjuma31@tuneryhrdemo.com', '08054585178'),
(32, 'STF1032', 'Ogochukwu', 'Ogunbiyi', 'Male', '1990-12-26', '2021-11-23', 'Part-time', 'Terminated', '2022-05-11', 'Restructuring', 2, 4, 4, 449236.99, 'ogochukwu.ogunbiyi32@tuneryhrdemo.com', '08040547349'),
(33, 'STF1033', 'Folake', 'Yusuf', 'Female', '1991-04-02', '2025-11-06', 'Full-time', 'Active', NULL, NULL, 5, 13, 6, 935485.26, 'folake.yusuf33@tuneryhrdemo.com', '08081969657'),
(34, 'STF1034', 'Nnamdi', 'Okafor', 'Male', '1990-11-10', '2022-01-01', 'Full-time', 'Active', NULL, NULL, 5, 13, 3, 740979.7, 'nnamdi.okafor34@tuneryhrdemo.com', '08052101056'),
(35, 'STF1035', 'Damilola', 'Sanni', 'Male', '1993-08-22', '2026-01-17', 'Full-time', 'Terminated', '2026-06-11', 'Resignation', 5, 14, 6, 733961.1, 'damilola.sanni35@tuneryhrdemo.com', '08036445607'),
(36, 'STF1036', 'Femi', 'Okoro', 'Male', '1999-11-25', '2026-03-01', 'Full-time', 'Active', NULL, NULL, 6, 16, 5, 418149.19, 'femi.okoro36@tuneryhrdemo.com', '08064813568'),
(37, 'STF1037', 'Blessing', 'Yusuf', 'Female', '1997-06-08', '2021-09-18', 'Full-time', 'Active', NULL, NULL, 6, 15, 5, 618211.05, 'blessing.yusuf37@tuneryhrdemo.com', '08064502486'),
(38, 'STF1038', 'Nkechi', 'Okafor', 'Female', '1991-06-09', '2022-03-07', 'Full-time', 'Active', NULL, NULL, 4, 11, 4, 700232.97, 'nkechi.okafor38@tuneryhrdemo.com', '08078608612'),
(39, 'STF1039', 'Tobi', 'Ogunbiyi', 'Male', '1999-10-12', '2021-06-23', 'Full-time', 'Active', NULL, NULL, 1, 1, 6, 419022.99, 'tobi.ogunbiyi39@tuneryhrdemo.com', '08036726767'),
(40, 'STF1040', 'Ibrahim', 'Okafor', 'Male', '1990-06-29', '2023-09-01', 'Full-time', 'Active', NULL, NULL, 6, 15, 6, 716192.77, 'ibrahim.okafor40@tuneryhrdemo.com', '08076354180'),
(41, 'STF1041', 'Ahmed', 'Ogunleye', 'Male', '1999-09-19', '2024-11-09', 'Full-time', 'Active', NULL, NULL, 1, 2, 2, 315432.74, 'ahmed.ogunleye41@tuneryhrdemo.com', '08079519112'),
(42, 'STF1042', 'Chinwe', 'Adeyemi', 'Male', '1987-09-22', '2023-07-24', 'Full-time', 'Active', NULL, NULL, 5, 14, 3, 911530.5, 'chinwe.adeyemi42@tuneryhrdemo.com', '08069401199'),
(43, 'STF1043', 'Temitope', 'Ojo', 'Female', '1997-04-16', '2023-07-03', 'Contract', 'Active', NULL, NULL, 3, 7, 6, 393529.74, 'temitope.ojo43@tuneryhrdemo.com', '08079967676'),
(44, 'STF1044', 'Zainab', 'Obi', 'Male', '1991-02-28', '2023-06-20', 'Full-time', 'Active', NULL, NULL, 3, 9, 1, 286548.03, 'zainab.obi44@tuneryhrdemo.com', '08041039390'),
(45, 'STF1045', 'Grace', 'Ekwueme', 'Male', '2000-11-04', '2022-03-15', 'Full-time', 'Active', NULL, NULL, 4, 10, 2, 821326.2, 'grace.ekwueme45@tuneryhrdemo.com', '08062274692'),
(46, 'STF1046', 'Chioma', 'Ekwueme', 'Male', '1997-11-30', '2023-02-19', 'Full-time', 'Active', NULL, NULL, 4, 11, 5, 755587.07, 'chioma.ekwueme46@tuneryhrdemo.com', '08083300637'),
(47, 'STF1047', 'Bashir', 'Ogunleye', 'Female', '1989-12-03', '2022-07-13', 'Full-time', 'Terminated', '2024-08-29', 'Restructuring', 6, 15, 4, 888047.05, 'bashir.ogunleye47@tuneryhrdemo.com', '08093517915'),
(48, 'STF1048', 'Yusuf', 'Okafor', 'Female', '1998-04-11', '2024-03-01', 'Full-time', 'Terminated', '2025-08-11', 'End of contract', 4, 10, 1, 380320.36, 'yusuf.okafor48@tuneryhrdemo.com', '08053936531'),
(49, 'STF1049', 'Segun', 'Ibrahim', 'Female', '1992-07-27', '2025-04-08', 'Contract', 'Terminated', '2026-02-07', 'Performance', 1, 2, 1, 756748.68, 'segun.ibrahim49@tuneryhrdemo.com', '08016990811'),
(50, 'STF1050', 'Halima', 'Ogunleye', 'Male', '1999-08-15', '2021-03-24', 'Part-time', 'Active', NULL, NULL, 1, 3, 2, 363679.61, 'halima.ogunleye50@tuneryhrdemo.com', '08073560289'),
(51, 'STF1051', 'Kelechi', 'Umeh', 'Male', '1995-06-07', '2024-12-03', 'Full-time', 'Active', NULL, NULL, 6, 15, 2, 922835.0, 'kelechi.umeh51@tuneryhrdemo.com', '08024508768'),
(52, 'STF1052', 'Chioma', 'Okafor', 'Female', '1997-11-30', '2024-10-19', 'Intern', 'On Leave', NULL, NULL, 2, 4, 5, 711773.1, 'chioma.okafor52@tuneryhrdemo.com', '08094187049'),
(53, 'STF1053', 'Uche', 'Eze', 'Female', '2000-05-07', '2024-05-14', 'Contract', 'Active', NULL, NULL, 1, 2, 5, 509851.07, 'uche.eze53@tuneryhrdemo.com', '08059737181'),
(54, 'STF1054', 'Adaeze', 'Afolabi', 'Female', '1985-04-14', '2025-10-06', 'Full-time', 'Active', NULL, NULL, 3, 9, 4, 724627.66, 'adaeze.afolabi54@tuneryhrdemo.com', '08068450095'),
(55, 'STF1055', 'Chukwuemeka', 'Ojo', 'Female', '1998-10-25', '2025-07-14', 'Intern', 'Active', NULL, NULL, 6, 16, 3, 835819.13, 'chukwuemeka.ojo55@tuneryhrdemo.com', '08021631697'),
(56, 'STF1056', 'Babatunde', 'Ibrahim', 'Male', '1995-06-04', '2024-03-13', 'Full-time', 'Active', NULL, NULL, 3, 7, 4, 343332.28, 'babatunde.ibrahim56@tuneryhrdemo.com', '08044675473'),
(57, 'STF1057', 'Nnamdi', 'Abubakar', 'Female', '1997-06-20', '2021-01-21', 'Full-time', 'Terminated', '2022-08-28', 'Restructuring', 4, 10, 6, 546591.7, 'nnamdi.abubakar57@tuneryhrdemo.com', '08075876924'),
(58, 'STF1058', 'Musa', 'Ogunbiyi', 'Male', '1987-02-02', '2022-08-26', 'Full-time', 'Active', NULL, NULL, 5, 13, 4, 606174.18, 'musa.ogunbiyi58@tuneryhrdemo.com', '08056138336'),
(59, 'STF1059', 'Damilola', 'Ojo', 'Female', '1992-11-22', '2024-12-10', 'Full-time', 'Active', NULL, NULL, 6, 15, 3, 272057.15, 'damilola.ojo59@tuneryhrdemo.com', '08081922443'),
(60, 'STF1060', 'Chukwuemeka', 'Nwosu', 'Male', '1995-11-11', '2022-07-21', 'Full-time', 'Active', NULL, NULL, 3, 7, 2, 408109.78, 'chukwuemeka.nwosu60@tuneryhrdemo.com', '08058436637');

-- 4. EMPLOYMENT_HISTORY
INSERT INTO employment_history (employee_id, change_type, effective_date, old_department_id, new_department_id, old_job_title_id, new_job_title_id, old_salary, new_salary, notes) VALUES
(1, 'Hire', '2022-05-17', NULL, 5, NULL, 12, NULL, 634679.23, 'Initial hire'),
(1, 'Salary Adjustment', '2022-12-11', 5, 5, 12, 12, 634679.23, 761845.56, 'Annual performance-based increment'),
(2, 'Hire', '2023-11-01', NULL, 6, NULL, 16, NULL, 349739.28, 'Initial hire'),
(2, 'Salary Adjustment', '2024-06-14', 6, 6, 16, 16, 349739.28, 435645.79, 'Annual performance-based increment'),
(3, 'Hire', '2024-11-30', NULL, 1, NULL, 1, NULL, 472544.02, 'Initial hire'),
(3, 'Termination', '2025-06-18', 1, 1, 1, 1, 472544.02, NULL, 'Employment ended'),
(4, 'Hire', '2025-02-03', NULL, 5, NULL, 13, NULL, 818641.59, 'Initial hire'),
(4, 'Termination', '2025-11-13', 5, 5, 13, 13, 818641.59, NULL, 'Employment ended'),
(5, 'Hire', '2021-05-23', NULL, 2, NULL, 4, NULL, 472697.19, 'Initial hire'),
(5, 'Termination', '2023-04-05', 2, 2, 4, 4, 472697.19, NULL, 'Employment ended'),
(6, 'Hire', '2022-12-29', NULL, 5, NULL, 14, NULL, 368504.41, 'Initial hire'),
(6, 'Termination', '2023-08-22', 5, 5, 14, 14, 368504.41, NULL, 'Employment ended'),
(7, 'Hire', '2022-10-27', NULL, 1, NULL, 2, NULL, 386160.47, 'Initial hire'),
(8, 'Hire', '2024-09-04', NULL, 2, NULL, 5, NULL, 369903.18, 'Initial hire'),
(9, 'Hire', '2023-03-29', NULL, 4, NULL, 10, NULL, 843049.24, 'Initial hire'),
(10, 'Hire', '2021-05-11', NULL, 3, NULL, 9, NULL, 703818.23, 'Initial hire'),
(11, 'Hire', '2022-11-28', NULL, 6, NULL, 16, NULL, 766710.89, 'Initial hire'),
(12, 'Hire', '2023-11-06', NULL, 5, NULL, 14, NULL, 641187.33, 'Initial hire'),
(12, 'Termination', '2026-03-25', 5, 5, 14, 14, 641187.33, NULL, 'Employment ended'),
(13, 'Hire', '2022-05-06', NULL, 1, NULL, 3, NULL, 808337.91, 'Initial hire'),
(13, 'Salary Adjustment', '2025-07-07', 1, 1, 3, 3, 808337.91, 888682.51, 'Annual performance-based increment'),
(14, 'Hire', '2021-12-05', NULL, 2, NULL, 6, NULL, 711198.08, 'Initial hire'),
(14, 'Salary Adjustment', '2025-03-06', 2, 2, 6, 6, 711198.08, 777050.73, 'Annual performance-based increment'),
(15, 'Hire', '2026-01-17', NULL, 3, NULL, 7, NULL, 606519.57, 'Initial hire'),
(15, 'Termination', '2026-05-15', 3, 3, 7, 7, 606519.57, NULL, 'Employment ended'),
(16, 'Hire', '2024-07-16', NULL, 1, NULL, 3, NULL, 394427.49, 'Initial hire'),
(16, 'Termination', '2024-11-15', 1, 1, 3, 3, 394427.49, NULL, 'Employment ended'),
(17, 'Hire', '2024-03-26', NULL, 2, NULL, 4, NULL, 687416.72, 'Initial hire'),
(17, 'Salary Adjustment', '2026-04-21', 2, 2, 4, 4, 687416.72, 853325.68, 'Annual performance-based increment'),
(18, 'Hire', '2024-10-11', NULL, 6, NULL, 16, NULL, 371465.38, 'Initial hire'),
(18, 'Salary Adjustment', '2025-08-14', 6, 6, 16, 16, 371465.38, 408662.72, 'Annual performance-based increment'),
(19, 'Hire', '2022-01-11', NULL, 5, NULL, 12, NULL, 682151.57, 'Initial hire'),
(19, 'Termination', '2022-09-12', 5, 5, 12, 12, 682151.57, NULL, 'Employment ended'),
(20, 'Hire', '2023-04-13', NULL, 2, NULL, 5, NULL, 938687.81, 'Initial hire'),
(20, 'Termination', '2025-10-10', 2, 2, 5, 5, 938687.81, NULL, 'Employment ended'),
(21, 'Hire', '2026-05-15', NULL, 4, NULL, 10, NULL, 408465.03, 'Initial hire'),
(22, 'Hire', '2021-04-28', NULL, 5, NULL, 12, NULL, 919799.76, 'Initial hire'),
(22, 'Salary Adjustment', '2024-09-29', 5, 5, 12, 12, 919799.76, 1052861.92, 'Annual performance-based increment'),
(23, 'Hire', '2025-11-01', NULL, 5, NULL, 14, NULL, 656923.76, 'Initial hire'),
(23, 'Termination', '2026-06-24', 5, 5, 14, 14, 656923.76, NULL, 'Employment ended'),
(24, 'Hire', '2022-02-23', NULL, 2, NULL, 6, NULL, 410997.75, 'Initial hire'),
(24, 'Salary Adjustment', '2025-12-09', 2, 2, 6, 6, 410997.75, 513050.68, 'Annual performance-based increment'),
(25, 'Hire', '2024-02-28', NULL, 2, NULL, 5, NULL, 857038.09, 'Initial hire'),
(25, 'Termination', '2025-01-01', 2, 2, 5, 5, 857038.09, NULL, 'Employment ended'),
(26, 'Hire', '2024-12-11', NULL, 5, NULL, 12, NULL, 809170.18, 'Initial hire'),
(27, 'Hire', '2025-12-28', NULL, 5, NULL, 12, NULL, 444017.82, 'Initial hire'),
(28, 'Hire', '2026-01-29', NULL, 1, NULL, 1, NULL, 773761.8, 'Initial hire'),
(28, 'Termination', '2026-06-22', 1, 1, 1, 1, 773761.8, NULL, 'Employment ended'),
(29, 'Hire', '2024-12-16', NULL, 5, NULL, 12, NULL, 628532.37, 'Initial hire'),
(29, 'Termination', '2025-04-23', 5, 5, 12, 12, 628532.37, NULL, 'Employment ended'),
(30, 'Hire', '2023-01-17', NULL, 3, NULL, 7, NULL, 372137.9, 'Initial hire'),
(30, 'Salary Adjustment', '2024-09-20', 3, 3, 7, 7, 372137.9, 418651.36, 'Annual performance-based increment'),
(31, 'Hire', '2025-03-15', NULL, 2, NULL, 5, NULL, 318107.71, 'Initial hire'),
(31, 'Salary Adjustment', '2026-01-11', 2, 2, 5, 5, 318107.71, 352955.87, 'Annual performance-based increment'),
(32, 'Hire', '2021-11-23', NULL, 2, NULL, 4, NULL, 449236.99, 'Initial hire'),
(32, 'Termination', '2022-05-11', 2, 2, 4, 4, 449236.99, NULL, 'Employment ended'),
(33, 'Hire', '2025-11-06', NULL, 5, NULL, 13, NULL, 935485.26, 'Initial hire'),
(33, 'Salary Adjustment', '2026-06-02', 5, 5, 13, 13, 935485.26, 1119956.49, 'Annual performance-based increment'),
(34, 'Hire', '2022-01-01', NULL, 5, NULL, 13, NULL, 740979.7, 'Initial hire'),
(35, 'Hire', '2026-01-17', NULL, 5, NULL, 14, NULL, 733961.1, 'Initial hire'),
(35, 'Termination', '2026-06-11', 5, 5, 14, 14, 733961.1, NULL, 'Employment ended'),
(36, 'Hire', '2026-03-01', NULL, 6, NULL, 16, NULL, 418149.19, 'Initial hire'),
(36, 'Salary Adjustment', '2026-08-28', 6, 6, 16, 16, 418149.19, 501573.25, 'Annual performance-based increment'),
(37, 'Hire', '2021-09-18', NULL, 6, NULL, 15, NULL, 618211.05, 'Initial hire'),
(38, 'Hire', '2022-03-07', NULL, 4, NULL, 11, NULL, 700232.97, 'Initial hire'),
(39, 'Hire', '2021-06-23', NULL, 1, NULL, 1, NULL, 419022.99, 'Initial hire'),
(40, 'Hire', '2023-09-01', NULL, 6, NULL, 15, NULL, 716192.77, 'Initial hire'),
(41, 'Hire', '2024-11-09', NULL, 1, NULL, 2, NULL, 315432.74, 'Initial hire'),
(42, 'Hire', '2023-07-24', NULL, 5, NULL, 14, NULL, 911530.5, 'Initial hire'),
(43, 'Hire', '2023-07-03', NULL, 3, NULL, 7, NULL, 393529.74, 'Initial hire'),
(44, 'Hire', '2023-06-20', NULL, 3, NULL, 9, NULL, 286548.03, 'Initial hire'),
(45, 'Hire', '2022-03-15', NULL, 4, NULL, 10, NULL, 821326.2, 'Initial hire'),
(46, 'Hire', '2023-02-19', NULL, 4, NULL, 11, NULL, 755587.07, 'Initial hire'),
(47, 'Hire', '2022-07-13', NULL, 6, NULL, 15, NULL, 888047.05, 'Initial hire'),
(47, 'Termination', '2024-08-29', 6, 6, 15, 15, 888047.05, NULL, 'Employment ended'),
(48, 'Hire', '2024-03-01', NULL, 4, NULL, 10, NULL, 380320.36, 'Initial hire'),
(48, 'Termination', '2025-08-11', 4, 4, 10, 10, 380320.36, NULL, 'Employment ended'),
(49, 'Hire', '2025-04-08', NULL, 1, NULL, 2, NULL, 756748.68, 'Initial hire'),
(49, 'Termination', '2026-02-07', 1, 1, 2, 2, 756748.68, NULL, 'Employment ended'),
(50, 'Hire', '2021-03-24', NULL, 1, NULL, 3, NULL, 363679.61, 'Initial hire'),
(50, 'Salary Adjustment', '2023-06-11', 1, 1, 3, 3, 363679.61, 429562.89, 'Annual performance-based increment'),
(51, 'Hire', '2024-12-03', NULL, 6, NULL, 15, NULL, 922835.0, 'Initial hire'),
(52, 'Hire', '2024-10-19', NULL, 2, NULL, 4, NULL, 711773.1, 'Initial hire'),
(53, 'Hire', '2024-05-14', NULL, 1, NULL, 2, NULL, 509851.07, 'Initial hire'),
(54, 'Hire', '2025-10-06', NULL, 3, NULL, 9, NULL, 724627.66, 'Initial hire'),
(55, 'Hire', '2025-07-14', NULL, 6, NULL, 16, NULL, 835819.13, 'Initial hire'),
(56, 'Hire', '2024-03-13', NULL, 3, NULL, 7, NULL, 343332.28, 'Initial hire'),
(57, 'Hire', '2021-01-21', NULL, 4, NULL, 10, NULL, 546591.7, 'Initial hire'),
(57, 'Termination', '2022-08-28', 4, 4, 10, 10, 546591.7, NULL, 'Employment ended'),
(58, 'Hire', '2022-08-26', NULL, 5, NULL, 13, NULL, 606174.18, 'Initial hire'),
(59, 'Hire', '2024-12-10', NULL, 6, NULL, 15, NULL, 272057.15, 'Initial hire'),
(60, 'Hire', '2022-07-21', NULL, 3, NULL, 7, NULL, 408109.78, 'Initial hire');

-- 5. ATTENDANCE (sample: last 20 working days for currently active employees)
INSERT INTO attendance (employee_id, attendance_date, status, hours_worked) VALUES
(1, '2026-06-08', 'Present', 8.0),
(1, '2026-06-09', 'Present', 8.0),
(1, '2026-06-10', 'Leave', 0.0),
(1, '2026-06-11', 'Present', 8.0),
(1, '2026-06-12', 'Present', 8.0),
(1, '2026-06-15', 'Present', 8.0),
(1, '2026-06-16', 'Present', 8.0),
(1, '2026-06-17', 'Absent', 0.0),
(1, '2026-06-18', 'Absent', 0.0),
(1, '2026-06-19', 'Present', 8.0),
(1, '2026-06-22', 'Present', 8.0),
(1, '2026-06-23', 'Absent', 0.0),
(1, '2026-06-24', 'Present', 8.0),
(1, '2026-06-25', 'Present', 8.0),
(1, '2026-06-26', 'Remote', 8.0),
(1, '2026-06-29', 'Remote', 8.0),
(1, '2026-06-30', 'Present', 8.0),
(1, '2026-07-01', 'Present', 8.0),
(1, '2026-07-02', 'Present', 8.0),
(1, '2026-07-03', 'Absent', 0.0),
(2, '2026-06-08', 'Present', 8.0),
(2, '2026-06-09', 'Remote', 8.0),
(2, '2026-06-10', 'Present', 8.0),
(2, '2026-06-11', 'Remote', 8.0),
(2, '2026-06-12', 'Present', 8.0),
(2, '2026-06-15', 'Present', 8.0),
(2, '2026-06-16', 'Present', 8.0),
(2, '2026-06-17', 'Present', 8.0),
(2, '2026-06-18', 'Present', 8.0),
(2, '2026-06-19', 'Present', 8.0),
(2, '2026-06-22', 'Present', 8.0),
(2, '2026-06-23', 'Present', 8.0),
(2, '2026-06-24', 'Remote', 8.0),
(2, '2026-06-25', 'Present', 8.0),
(2, '2026-06-26', 'Present', 8.0),
(2, '2026-06-29', 'Remote', 8.0),
(2, '2026-06-30', 'Present', 8.0),
(2, '2026-07-01', 'Present', 8.0),
(2, '2026-07-02', 'Present', 8.0),
(2, '2026-07-03', 'Present', 8.0),
(7, '2026-06-08', 'Present', 8.0),
(7, '2026-06-09', 'Present', 8.0),
(7, '2026-06-10', 'Present', 8.0),
(7, '2026-06-11', 'Present', 8.0),
(7, '2026-06-12', 'Remote', 8.0),
(7, '2026-06-15', 'Present', 8.0),
(7, '2026-06-16', 'Remote', 8.0),
(7, '2026-06-17', 'Present', 8.0),
(7, '2026-06-18', 'Present', 8.0),
(7, '2026-06-19', 'Present', 8.0),
(7, '2026-06-22', 'Present', 8.0),
(7, '2026-06-23', 'Remote', 8.0),
(7, '2026-06-24', 'Present', 8.0),
(7, '2026-06-25', 'Leave', 0.0),
(7, '2026-06-26', 'Remote', 8.0),
(7, '2026-06-29', 'Present', 8.0),
(7, '2026-06-30', 'Present', 8.0),
(7, '2026-07-01', 'Present', 8.0),
(7, '2026-07-02', 'Present', 8.0),
(7, '2026-07-03', 'Remote', 8.0),
(8, '2026-06-08', 'Present', 8.0),
(8, '2026-06-09', 'Present', 8.0),
(8, '2026-06-10', 'Present', 8.0),
(8, '2026-06-11', 'Remote', 8.0),
(8, '2026-06-12', 'Present', 8.0),
(8, '2026-06-15', 'Present', 8.0),
(8, '2026-06-16', 'Leave', 0.0),
(8, '2026-06-17', 'Present', 8.0),
(8, '2026-06-18', 'Present', 8.0),
(8, '2026-06-19', 'Present', 8.0),
(8, '2026-06-22', 'Remote', 8.0),
(8, '2026-06-23', 'Present', 8.0),
(8, '2026-06-24', 'Remote', 8.0),
(8, '2026-06-25', 'Present', 8.0),
(8, '2026-06-26', 'Present', 8.0),
(8, '2026-06-29', 'Present', 8.0),
(8, '2026-06-30', 'Present', 8.0),
(8, '2026-07-01', 'Present', 8.0),
(8, '2026-07-02', 'Present', 8.0),
(8, '2026-07-03', 'Present', 8.0),
(9, '2026-06-08', 'Remote', 8.0),
(9, '2026-06-09', 'Present', 8.0),
(9, '2026-06-10', 'Remote', 8.0),
(9, '2026-06-11', 'Present', 8.0),
(9, '2026-06-12', 'Present', 8.0),
(9, '2026-06-15', 'Remote', 8.0),
(9, '2026-06-16', 'Remote', 8.0),
(9, '2026-06-17', 'Present', 8.0),
(9, '2026-06-18', 'Present', 8.0),
(9, '2026-06-19', 'Remote', 8.0),
(9, '2026-06-22', 'Present', 8.0),
(9, '2026-06-23', 'Present', 8.0),
(9, '2026-06-24', 'Present', 8.0),
(9, '2026-06-25', 'Leave', 0.0),
(9, '2026-06-26', 'Remote', 8.0),
(9, '2026-06-29', 'Present', 8.0),
(9, '2026-06-30', 'Present', 8.0),
(9, '2026-07-01', 'Present', 8.0),
(9, '2026-07-02', 'Present', 8.0),
(9, '2026-07-03', 'Present', 8.0),
(10, '2026-06-08', 'Remote', 8.0),
(10, '2026-06-09', 'Present', 8.0),
(10, '2026-06-10', 'Present', 8.0),
(10, '2026-06-11', 'Present', 8.0),
(10, '2026-06-12', 'Present', 8.0),
(10, '2026-06-15', 'Absent', 0.0),
(10, '2026-06-16', 'Absent', 0.0),
(10, '2026-06-17', 'Remote', 8.0),
(10, '2026-06-18', 'Present', 8.0),
(10, '2026-06-19', 'Present', 8.0),
(10, '2026-06-22', 'Remote', 8.0),
(10, '2026-06-23', 'Remote', 8.0),
(10, '2026-06-24', 'Present', 8.0),
(10, '2026-06-25', 'Present', 8.0),
(10, '2026-06-26', 'Remote', 8.0),
(10, '2026-06-29', 'Remote', 8.0),
(10, '2026-06-30', 'Present', 8.0),
(10, '2026-07-01', 'Present', 8.0),
(10, '2026-07-02', 'Present', 8.0),
(10, '2026-07-03', 'Present', 8.0),
(11, '2026-06-08', 'Present', 8.0),
(11, '2026-06-09', 'Absent', 0.0),
(11, '2026-06-10', 'Present', 8.0),
(11, '2026-06-11', 'Present', 8.0),
(11, '2026-06-12', 'Present', 8.0),
(11, '2026-06-15', 'Present', 8.0),
(11, '2026-06-16', 'Present', 8.0),
(11, '2026-06-17', 'Remote', 8.0),
(11, '2026-06-18', 'Present', 8.0),
(11, '2026-06-19', 'Present', 8.0),
(11, '2026-06-22', 'Present', 8.0),
(11, '2026-06-23', 'Remote', 8.0),
(11, '2026-06-24', 'Present', 8.0),
(11, '2026-06-25', 'Present', 8.0),
(11, '2026-06-26', 'Remote', 8.0),
(11, '2026-06-29', 'Absent', 0.0),
(11, '2026-06-30', 'Present', 8.0),
(11, '2026-07-01', 'Present', 8.0),
(11, '2026-07-02', 'Present', 8.0),
(11, '2026-07-03', 'Present', 8.0),
(13, '2026-06-08', 'Remote', 8.0),
(13, '2026-06-09', 'Present', 8.0),
(13, '2026-06-10', 'Present', 8.0),
(13, '2026-06-11', 'Present', 8.0),
(13, '2026-06-12', 'Present', 8.0),
(13, '2026-06-15', 'Present', 8.0),
(13, '2026-06-16', 'Present', 8.0),
(13, '2026-06-17', 'Remote', 8.0),
(13, '2026-06-18', 'Present', 8.0),
(13, '2026-06-19', 'Present', 8.0),
(13, '2026-06-22', 'Leave', 0.0),
(13, '2026-06-23', 'Present', 8.0),
(13, '2026-06-24', 'Present', 8.0),
(13, '2026-06-25', 'Present', 8.0),
(13, '2026-06-26', 'Remote', 8.0),
(13, '2026-06-29', 'Present', 8.0),
(13, '2026-06-30', 'Present', 8.0),
(13, '2026-07-01', 'Remote', 8.0),
(13, '2026-07-02', 'Remote', 8.0),
(13, '2026-07-03', 'Present', 8.0),
(14, '2026-06-08', 'Leave', 0.0),
(14, '2026-06-09', 'Present', 8.0),
(14, '2026-06-10', 'Present', 8.0),
(14, '2026-06-11', 'Present', 8.0),
(14, '2026-06-12', 'Present', 8.0),
(14, '2026-06-15', 'Present', 8.0),
(14, '2026-06-16', 'Present', 8.0),
(14, '2026-06-17', 'Present', 8.0),
(14, '2026-06-18', 'Present', 8.0),
(14, '2026-06-19', 'Present', 8.0),
(14, '2026-06-22', 'Present', 8.0),
(14, '2026-06-23', 'Present', 8.0),
(14, '2026-06-24', 'Present', 8.0),
(14, '2026-06-25', 'Present', 8.0),
(14, '2026-06-26', 'Present', 8.0),
(14, '2026-06-29', 'Present', 8.0),
(14, '2026-06-30', 'Present', 8.0),
(14, '2026-07-01', 'Present', 8.0),
(14, '2026-07-02', 'Present', 8.0),
(14, '2026-07-03', 'Present', 8.0),
(17, '2026-06-08', 'Present', 8.0),
(17, '2026-06-09', 'Present', 8.0),
(17, '2026-06-10', 'Remote', 8.0),
(17, '2026-06-11', 'Present', 8.0),
(17, '2026-06-12', 'Absent', 0.0),
(17, '2026-06-15', 'Present', 8.0),
(17, '2026-06-16', 'Present', 8.0),
(17, '2026-06-17', 'Present', 8.0),
(17, '2026-06-18', 'Present', 8.0),
(17, '2026-06-19', 'Leave', 0.0),
(17, '2026-06-22', 'Present', 8.0),
(17, '2026-06-23', 'Leave', 0.0),
(17, '2026-06-24', 'Present', 8.0),
(17, '2026-06-25', 'Remote', 8.0),
(17, '2026-06-26', 'Absent', 0.0),
(17, '2026-06-29', 'Present', 8.0),
(17, '2026-06-30', 'Present', 8.0),
(17, '2026-07-01', 'Present', 8.0),
(17, '2026-07-02', 'Present', 8.0),
(17, '2026-07-03', 'Present', 8.0),
(18, '2026-06-08', 'Present', 8.0),
(18, '2026-06-09', 'Present', 8.0),
(18, '2026-06-10', 'Present', 8.0),
(18, '2026-06-11', 'Present', 8.0),
(18, '2026-06-12', 'Remote', 8.0),
(18, '2026-06-15', 'Present', 8.0),
(18, '2026-06-16', 'Present', 8.0),
(18, '2026-06-17', 'Present', 8.0),
(18, '2026-06-18', 'Present', 8.0),
(18, '2026-06-19', 'Absent', 0.0),
(18, '2026-06-22', 'Present', 8.0),
(18, '2026-06-23', 'Present', 8.0),
(18, '2026-06-24', 'Present', 8.0),
(18, '2026-06-25', 'Present', 8.0),
(18, '2026-06-26', 'Present', 8.0),
(18, '2026-06-29', 'Present', 8.0),
(18, '2026-06-30', 'Present', 8.0),
(18, '2026-07-01', 'Remote', 8.0),
(18, '2026-07-02', 'Present', 8.0),
(18, '2026-07-03', 'Present', 8.0),
(21, '2026-06-08', 'Present', 8.0),
(21, '2026-06-09', 'Absent', 0.0),
(21, '2026-06-10', 'Present', 8.0),
(21, '2026-06-11', 'Absent', 0.0),
(21, '2026-06-12', 'Present', 8.0),
(21, '2026-06-15', 'Present', 8.0),
(21, '2026-06-16', 'Present', 8.0),
(21, '2026-06-17', 'Present', 8.0),
(21, '2026-06-18', 'Present', 8.0),
(21, '2026-06-19', 'Present', 8.0),
(21, '2026-06-22', 'Absent', 0.0),
(21, '2026-06-23', 'Present', 8.0),
(21, '2026-06-24', 'Leave', 0.0),
(21, '2026-06-25', 'Remote', 8.0),
(21, '2026-06-26', 'Present', 8.0),
(21, '2026-06-29', 'Present', 8.0),
(21, '2026-06-30', 'Leave', 0.0),
(21, '2026-07-01', 'Present', 8.0),
(21, '2026-07-02', 'Present', 8.0),
(21, '2026-07-03', 'Present', 8.0),
(22, '2026-06-08', 'Leave', 0.0),
(22, '2026-06-09', 'Present', 8.0),
(22, '2026-06-10', 'Present', 8.0),
(22, '2026-06-11', 'Present', 8.0),
(22, '2026-06-12', 'Present', 8.0),
(22, '2026-06-15', 'Present', 8.0),
(22, '2026-06-16', 'Present', 8.0),
(22, '2026-06-17', 'Present', 8.0),
(22, '2026-06-18', 'Absent', 0.0),
(22, '2026-06-19', 'Present', 8.0),
(22, '2026-06-22', 'Present', 8.0),
(22, '2026-06-23', 'Present', 8.0),
(22, '2026-06-24', 'Present', 8.0),
(22, '2026-06-25', 'Present', 8.0),
(22, '2026-06-26', 'Present', 8.0),
(22, '2026-06-29', 'Present', 8.0),
(22, '2026-06-30', 'Present', 8.0),
(22, '2026-07-01', 'Present', 8.0),
(22, '2026-07-02', 'Remote', 8.0),
(22, '2026-07-03', 'Present', 8.0),
(24, '2026-06-08', 'Remote', 8.0),
(24, '2026-06-09', 'Remote', 8.0),
(24, '2026-06-10', 'Present', 8.0),
(24, '2026-06-11', 'Present', 8.0),
(24, '2026-06-12', 'Present', 8.0),
(24, '2026-06-15', 'Remote', 8.0),
(24, '2026-06-16', 'Present', 8.0),
(24, '2026-06-17', 'Present', 8.0),
(24, '2026-06-18', 'Present', 8.0),
(24, '2026-06-19', 'Present', 8.0),
(24, '2026-06-22', 'Present', 8.0),
(24, '2026-06-23', 'Present', 8.0),
(24, '2026-06-24', 'Present', 8.0),
(24, '2026-06-25', 'Present', 8.0),
(24, '2026-06-26', 'Remote', 8.0),
(24, '2026-06-29', 'Present', 8.0),
(24, '2026-06-30', 'Present', 8.0),
(24, '2026-07-01', 'Present', 8.0),
(24, '2026-07-02', 'Present', 8.0),
(24, '2026-07-03', 'Present', 8.0),
(26, '2026-06-08', 'Remote', 8.0),
(26, '2026-06-09', 'Present', 8.0),
(26, '2026-06-10', 'Present', 8.0),
(26, '2026-06-11', 'Present', 8.0),
(26, '2026-06-12', 'Present', 8.0),
(26, '2026-06-15', 'Absent', 0.0),
(26, '2026-06-16', 'Present', 8.0),
(26, '2026-06-17', 'Present', 8.0),
(26, '2026-06-18', 'Present', 8.0),
(26, '2026-06-19', 'Present', 8.0),
(26, '2026-06-22', 'Remote', 8.0),
(26, '2026-06-23', 'Present', 8.0),
(26, '2026-06-24', 'Leave', 0.0),
(26, '2026-06-25', 'Remote', 8.0),
(26, '2026-06-26', 'Present', 8.0),
(26, '2026-06-29', 'Leave', 0.0),
(26, '2026-06-30', 'Present', 8.0),
(26, '2026-07-01', 'Present', 8.0),
(26, '2026-07-02', 'Present', 8.0),
(26, '2026-07-03', 'Present', 8.0),
(27, '2026-06-08', 'Present', 8.0),
(27, '2026-06-09', 'Present', 8.0),
(27, '2026-06-10', 'Present', 8.0),
(27, '2026-06-11', 'Present', 8.0),
(27, '2026-06-12', 'Present', 8.0),
(27, '2026-06-15', 'Present', 8.0),
(27, '2026-06-16', 'Remote', 8.0),
(27, '2026-06-17', 'Present', 8.0),
(27, '2026-06-18', 'Present', 8.0),
(27, '2026-06-19', 'Present', 8.0),
(27, '2026-06-22', 'Remote', 8.0),
(27, '2026-06-23', 'Present', 8.0),
(27, '2026-06-24', 'Present', 8.0),
(27, '2026-06-25', 'Present', 8.0),
(27, '2026-06-26', 'Present', 8.0),
(27, '2026-06-29', 'Remote', 8.0),
(27, '2026-06-30', 'Present', 8.0),
(27, '2026-07-01', 'Absent', 0.0),
(27, '2026-07-02', 'Present', 8.0),
(27, '2026-07-03', 'Present', 8.0),
(30, '2026-06-08', 'Present', 8.0),
(30, '2026-06-09', 'Remote', 8.0),
(30, '2026-06-10', 'Leave', 0.0),
(30, '2026-06-11', 'Present', 8.0),
(30, '2026-06-12', 'Present', 8.0),
(30, '2026-06-15', 'Present', 8.0),
(30, '2026-06-16', 'Present', 8.0),
(30, '2026-06-17', 'Present', 8.0),
(30, '2026-06-18', 'Present', 8.0),
(30, '2026-06-19', 'Present', 8.0),
(30, '2026-06-22', 'Present', 8.0),
(30, '2026-06-23', 'Present', 8.0),
(30, '2026-06-24', 'Present', 8.0),
(30, '2026-06-25', 'Present', 8.0),
(30, '2026-06-26', 'Remote', 8.0),
(30, '2026-06-29', 'Present', 8.0),
(30, '2026-06-30', 'Present', 8.0),
(30, '2026-07-01', 'Present', 8.0),
(30, '2026-07-02', 'Present', 8.0),
(30, '2026-07-03', 'Present', 8.0),
(31, '2026-06-08', 'Present', 8.0),
(31, '2026-06-09', 'Present', 8.0),
(31, '2026-06-10', 'Present', 8.0),
(31, '2026-06-11', 'Present', 8.0),
(31, '2026-06-12', 'Leave', 0.0),
(31, '2026-06-15', 'Present', 8.0),
(31, '2026-06-16', 'Present', 8.0),
(31, '2026-06-17', 'Present', 8.0),
(31, '2026-06-18', 'Present', 8.0),
(31, '2026-06-19', 'Present', 8.0),
(31, '2026-06-22', 'Absent', 0.0),
(31, '2026-06-23', 'Present', 8.0),
(31, '2026-06-24', 'Present', 8.0),
(31, '2026-06-25', 'Remote', 8.0),
(31, '2026-06-26', 'Present', 8.0),
(31, '2026-06-29', 'Absent', 0.0),
(31, '2026-06-30', 'Present', 8.0),
(31, '2026-07-01', 'Present', 8.0),
(31, '2026-07-02', 'Present', 8.0),
(31, '2026-07-03', 'Present', 8.0),
(33, '2026-06-08', 'Leave', 0.0),
(33, '2026-06-09', 'Present', 8.0),
(33, '2026-06-10', 'Present', 8.0),
(33, '2026-06-11', 'Present', 8.0),
(33, '2026-06-12', 'Present', 8.0),
(33, '2026-06-15', 'Remote', 8.0),
(33, '2026-06-16', 'Present', 8.0),
(33, '2026-06-17', 'Present', 8.0),
(33, '2026-06-18', 'Present', 8.0),
(33, '2026-06-19', 'Present', 8.0),
(33, '2026-06-22', 'Present', 8.0),
(33, '2026-06-23', 'Present', 8.0),
(33, '2026-06-24', 'Present', 8.0),
(33, '2026-06-25', 'Present', 8.0),
(33, '2026-06-26', 'Absent', 0.0),
(33, '2026-06-29', 'Present', 8.0),
(33, '2026-06-30', 'Present', 8.0),
(33, '2026-07-01', 'Present', 8.0),
(33, '2026-07-02', 'Present', 8.0),
(33, '2026-07-03', 'Present', 8.0),
(34, '2026-06-08', 'Present', 8.0),
(34, '2026-06-09', 'Present', 8.0),
(34, '2026-06-10', 'Remote', 8.0),
(34, '2026-06-11', 'Present', 8.0),
(34, '2026-06-12', 'Present', 8.0),
(34, '2026-06-15', 'Remote', 8.0),
(34, '2026-06-16', 'Present', 8.0),
(34, '2026-06-17', 'Present', 8.0),
(34, '2026-06-18', 'Remote', 8.0),
(34, '2026-06-19', 'Absent', 0.0),
(34, '2026-06-22', 'Present', 8.0),
(34, '2026-06-23', 'Present', 8.0),
(34, '2026-06-24', 'Remote', 8.0),
(34, '2026-06-25', 'Present', 8.0),
(34, '2026-06-26', 'Leave', 0.0),
(34, '2026-06-29', 'Present', 8.0),
(34, '2026-06-30', 'Remote', 8.0),
(34, '2026-07-01', 'Present', 8.0),
(34, '2026-07-02', 'Present', 8.0),
(34, '2026-07-03', 'Present', 8.0),
(36, '2026-06-08', 'Present', 8.0),
(36, '2026-06-09', 'Remote', 8.0),
(36, '2026-06-10', 'Present', 8.0),
(36, '2026-06-11', 'Present', 8.0),
(36, '2026-06-12', 'Present', 8.0),
(36, '2026-06-15', 'Remote', 8.0),
(36, '2026-06-16', 'Present', 8.0),
(36, '2026-06-17', 'Present', 8.0),
(36, '2026-06-18', 'Present', 8.0),
(36, '2026-06-19', 'Present', 8.0),
(36, '2026-06-22', 'Leave', 0.0),
(36, '2026-06-23', 'Present', 8.0),
(36, '2026-06-24', 'Present', 8.0),
(36, '2026-06-25', 'Present', 8.0),
(36, '2026-06-26', 'Present', 8.0),
(36, '2026-06-29', 'Leave', 0.0),
(36, '2026-06-30', 'Absent', 0.0),
(36, '2026-07-01', 'Remote', 8.0),
(36, '2026-07-02', 'Present', 8.0),
(36, '2026-07-03', 'Present', 8.0),
(37, '2026-06-08', 'Leave', 0.0),
(37, '2026-06-09', 'Remote', 8.0),
(37, '2026-06-10', 'Present', 8.0),
(37, '2026-06-11', 'Present', 8.0),
(37, '2026-06-12', 'Remote', 8.0),
(37, '2026-06-15', 'Leave', 0.0),
(37, '2026-06-16', 'Present', 8.0),
(37, '2026-06-17', 'Present', 8.0),
(37, '2026-06-18', 'Present', 8.0),
(37, '2026-06-19', 'Remote', 8.0),
(37, '2026-06-22', 'Present', 8.0),
(37, '2026-06-23', 'Present', 8.0),
(37, '2026-06-24', 'Present', 8.0),
(37, '2026-06-25', 'Present', 8.0),
(37, '2026-06-26', 'Present', 8.0),
(37, '2026-06-29', 'Present', 8.0),
(37, '2026-06-30', 'Present', 8.0),
(37, '2026-07-01', 'Present', 8.0),
(37, '2026-07-02', 'Present', 8.0),
(37, '2026-07-03', 'Present', 8.0),
(38, '2026-06-08', 'Present', 8.0),
(38, '2026-06-09', 'Present', 8.0),
(38, '2026-06-10', 'Present', 8.0),
(38, '2026-06-11', 'Present', 8.0),
(38, '2026-06-12', 'Present', 8.0),
(38, '2026-06-15', 'Present', 8.0),
(38, '2026-06-16', 'Remote', 8.0),
(38, '2026-06-17', 'Present', 8.0),
(38, '2026-06-18', 'Present', 8.0),
(38, '2026-06-19', 'Present', 8.0),
(38, '2026-06-22', 'Present', 8.0),
(38, '2026-06-23', 'Present', 8.0),
(38, '2026-06-24', 'Present', 8.0),
(38, '2026-06-25', 'Present', 8.0),
(38, '2026-06-26', 'Present', 8.0),
(38, '2026-06-29', 'Remote', 8.0),
(38, '2026-06-30', 'Present', 8.0),
(38, '2026-07-01', 'Absent', 0.0),
(38, '2026-07-02', 'Remote', 8.0),
(38, '2026-07-03', 'Remote', 8.0),
(39, '2026-06-08', 'Present', 8.0),
(39, '2026-06-09', 'Present', 8.0),
(39, '2026-06-10', 'Present', 8.0),
(39, '2026-06-11', 'Present', 8.0),
(39, '2026-06-12', 'Present', 8.0),
(39, '2026-06-15', 'Present', 8.0),
(39, '2026-06-16', 'Present', 8.0),
(39, '2026-06-17', 'Leave', 0.0),
(39, '2026-06-18', 'Present', 8.0),
(39, '2026-06-19', 'Present', 8.0),
(39, '2026-06-22', 'Present', 8.0),
(39, '2026-06-23', 'Absent', 0.0),
(39, '2026-06-24', 'Remote', 8.0),
(39, '2026-06-25', 'Present', 8.0),
(39, '2026-06-26', 'Present', 8.0),
(39, '2026-06-29', 'Remote', 8.0),
(39, '2026-06-30', 'Present', 8.0),
(39, '2026-07-01', 'Present', 8.0),
(39, '2026-07-02', 'Present', 8.0),
(39, '2026-07-03', 'Remote', 8.0),
(40, '2026-06-08', 'Present', 8.0),
(40, '2026-06-09', 'Present', 8.0),
(40, '2026-06-10', 'Present', 8.0),
(40, '2026-06-11', 'Absent', 0.0),
(40, '2026-06-12', 'Present', 8.0),
(40, '2026-06-15', 'Present', 8.0),
(40, '2026-06-16', 'Remote', 8.0),
(40, '2026-06-17', 'Leave', 0.0),
(40, '2026-06-18', 'Leave', 0.0),
(40, '2026-06-19', 'Remote', 8.0),
(40, '2026-06-22', 'Present', 8.0),
(40, '2026-06-23', 'Leave', 0.0),
(40, '2026-06-24', 'Present', 8.0),
(40, '2026-06-25', 'Present', 8.0),
(40, '2026-06-26', 'Present', 8.0),
(40, '2026-06-29', 'Present', 8.0),
(40, '2026-06-30', 'Present', 8.0),
(40, '2026-07-01', 'Present', 8.0),
(40, '2026-07-02', 'Present', 8.0),
(40, '2026-07-03', 'Present', 8.0),
(41, '2026-06-08', 'Present', 8.0),
(41, '2026-06-09', 'Present', 8.0),
(41, '2026-06-10', 'Absent', 0.0),
(41, '2026-06-11', 'Present', 8.0),
(41, '2026-06-12', 'Present', 8.0),
(41, '2026-06-15', 'Present', 8.0),
(41, '2026-06-16', 'Present', 8.0),
(41, '2026-06-17', 'Present', 8.0),
(41, '2026-06-18', 'Remote', 8.0),
(41, '2026-06-19', 'Present', 8.0),
(41, '2026-06-22', 'Present', 8.0),
(41, '2026-06-23', 'Present', 8.0),
(41, '2026-06-24', 'Present', 8.0),
(41, '2026-06-25', 'Present', 8.0),
(41, '2026-06-26', 'Present', 8.0),
(41, '2026-06-29', 'Present', 8.0),
(41, '2026-06-30', 'Present', 8.0),
(41, '2026-07-01', 'Present', 8.0),
(41, '2026-07-02', 'Absent', 0.0),
(41, '2026-07-03', 'Leave', 0.0),
(42, '2026-06-08', 'Present', 8.0),
(42, '2026-06-09', 'Present', 8.0),
(42, '2026-06-10', 'Present', 8.0),
(42, '2026-06-11', 'Present', 8.0),
(42, '2026-06-12', 'Leave', 0.0),
(42, '2026-06-15', 'Present', 8.0),
(42, '2026-06-16', 'Present', 8.0),
(42, '2026-06-17', 'Present', 8.0),
(42, '2026-06-18', 'Present', 8.0),
(42, '2026-06-19', 'Present', 8.0),
(42, '2026-06-22', 'Remote', 8.0),
(42, '2026-06-23', 'Leave', 0.0),
(42, '2026-06-24', 'Present', 8.0),
(42, '2026-06-25', 'Present', 8.0),
(42, '2026-06-26', 'Present', 8.0),
(42, '2026-06-29', 'Present', 8.0),
(42, '2026-06-30', 'Remote', 8.0),
(42, '2026-07-01', 'Present', 8.0),
(42, '2026-07-02', 'Present', 8.0),
(42, '2026-07-03', 'Present', 8.0),
(43, '2026-06-08', 'Present', 8.0),
(43, '2026-06-09', 'Present', 8.0),
(43, '2026-06-10', 'Absent', 0.0),
(43, '2026-06-11', 'Remote', 8.0),
(43, '2026-06-12', 'Remote', 8.0),
(43, '2026-06-15', 'Present', 8.0),
(43, '2026-06-16', 'Present', 8.0),
(43, '2026-06-17', 'Present', 8.0),
(43, '2026-06-18', 'Present', 8.0),
(43, '2026-06-19', 'Leave', 0.0),
(43, '2026-06-22', 'Present', 8.0),
(43, '2026-06-23', 'Present', 8.0),
(43, '2026-06-24', 'Present', 8.0),
(43, '2026-06-25', 'Present', 8.0),
(43, '2026-06-26', 'Present', 8.0),
(43, '2026-06-29', 'Present', 8.0),
(43, '2026-06-30', 'Present', 8.0),
(43, '2026-07-01', 'Present', 8.0),
(43, '2026-07-02', 'Present', 8.0),
(43, '2026-07-03', 'Present', 8.0),
(44, '2026-06-08', 'Present', 8.0),
(44, '2026-06-09', 'Remote', 8.0),
(44, '2026-06-10', 'Present', 8.0),
(44, '2026-06-11', 'Present', 8.0),
(44, '2026-06-12', 'Present', 8.0),
(44, '2026-06-15', 'Present', 8.0),
(44, '2026-06-16', 'Remote', 8.0),
(44, '2026-06-17', 'Present', 8.0),
(44, '2026-06-18', 'Remote', 8.0),
(44, '2026-06-19', 'Remote', 8.0),
(44, '2026-06-22', 'Present', 8.0),
(44, '2026-06-23', 'Present', 8.0),
(44, '2026-06-24', 'Present', 8.0),
(44, '2026-06-25', 'Present', 8.0),
(44, '2026-06-26', 'Present', 8.0),
(44, '2026-06-29', 'Present', 8.0),
(44, '2026-06-30', 'Present', 8.0),
(44, '2026-07-01', 'Present', 8.0),
(44, '2026-07-02', 'Present', 8.0),
(44, '2026-07-03', 'Absent', 0.0),
(45, '2026-06-08', 'Present', 8.0),
(45, '2026-06-09', 'Absent', 0.0),
(45, '2026-06-10', 'Present', 8.0),
(45, '2026-06-11', 'Present', 8.0),
(45, '2026-06-12', 'Present', 8.0),
(45, '2026-06-15', 'Present', 8.0),
(45, '2026-06-16', 'Present', 8.0),
(45, '2026-06-17', 'Present', 8.0),
(45, '2026-06-18', 'Present', 8.0),
(45, '2026-06-19', 'Present', 8.0),
(45, '2026-06-22', 'Leave', 0.0),
(45, '2026-06-23', 'Present', 8.0),
(45, '2026-06-24', 'Present', 8.0),
(45, '2026-06-25', 'Present', 8.0),
(45, '2026-06-26', 'Present', 8.0),
(45, '2026-06-29', 'Present', 8.0),
(45, '2026-06-30', 'Present', 8.0),
(45, '2026-07-01', 'Present', 8.0),
(45, '2026-07-02', 'Absent', 0.0),
(45, '2026-07-03', 'Present', 8.0),
(46, '2026-06-08', 'Remote', 8.0),
(46, '2026-06-09', 'Present', 8.0),
(46, '2026-06-10', 'Present', 8.0),
(46, '2026-06-11', 'Present', 8.0),
(46, '2026-06-12', 'Present', 8.0),
(46, '2026-06-15', 'Present', 8.0),
(46, '2026-06-16', 'Present', 8.0),
(46, '2026-06-17', 'Present', 8.0),
(46, '2026-06-18', 'Present', 8.0),
(46, '2026-06-19', 'Remote', 8.0),
(46, '2026-06-22', 'Present', 8.0),
(46, '2026-06-23', 'Remote', 8.0),
(46, '2026-06-24', 'Remote', 8.0),
(46, '2026-06-25', 'Present', 8.0),
(46, '2026-06-26', 'Present', 8.0),
(46, '2026-06-29', 'Present', 8.0),
(46, '2026-06-30', 'Present', 8.0),
(46, '2026-07-01', 'Present', 8.0),
(46, '2026-07-02', 'Present', 8.0),
(46, '2026-07-03', 'Present', 8.0),
(50, '2026-06-08', 'Present', 8.0),
(50, '2026-06-09', 'Present', 8.0),
(50, '2026-06-10', 'Present', 8.0),
(50, '2026-06-11', 'Leave', 0.0),
(50, '2026-06-12', 'Present', 8.0),
(50, '2026-06-15', 'Present', 8.0),
(50, '2026-06-16', 'Present', 8.0),
(50, '2026-06-17', 'Remote', 8.0),
(50, '2026-06-18', 'Present', 8.0),
(50, '2026-06-19', 'Absent', 0.0),
(50, '2026-06-22', 'Absent', 0.0),
(50, '2026-06-23', 'Present', 8.0),
(50, '2026-06-24', 'Absent', 0.0),
(50, '2026-06-25', 'Leave', 0.0),
(50, '2026-06-26', 'Present', 8.0),
(50, '2026-06-29', 'Present', 8.0),
(50, '2026-06-30', 'Present', 8.0),
(50, '2026-07-01', 'Present', 8.0),
(50, '2026-07-02', 'Present', 8.0),
(50, '2026-07-03', 'Remote', 8.0),
(51, '2026-06-08', 'Present', 8.0),
(51, '2026-06-09', 'Present', 8.0),
(51, '2026-06-10', 'Present', 8.0),
(51, '2026-06-11', 'Absent', 0.0),
(51, '2026-06-12', 'Present', 8.0),
(51, '2026-06-15', 'Present', 8.0),
(51, '2026-06-16', 'Remote', 8.0),
(51, '2026-06-17', 'Present', 8.0),
(51, '2026-06-18', 'Present', 8.0),
(51, '2026-06-19', 'Present', 8.0),
(51, '2026-06-22', 'Present', 8.0),
(51, '2026-06-23', 'Present', 8.0),
(51, '2026-06-24', 'Present', 8.0),
(51, '2026-06-25', 'Present', 8.0),
(51, '2026-06-26', 'Present', 8.0),
(51, '2026-06-29', 'Present', 8.0),
(51, '2026-06-30', 'Present', 8.0),
(51, '2026-07-01', 'Leave', 0.0),
(51, '2026-07-02', 'Leave', 0.0),
(51, '2026-07-03', 'Remote', 8.0),
(52, '2026-06-08', 'Present', 8.0),
(52, '2026-06-09', 'Present', 8.0),
(52, '2026-06-10', 'Absent', 0.0),
(52, '2026-06-11', 'Remote', 8.0),
(52, '2026-06-12', 'Present', 8.0),
(52, '2026-06-15', 'Present', 8.0),
(52, '2026-06-16', 'Absent', 0.0),
(52, '2026-06-17', 'Present', 8.0),
(52, '2026-06-18', 'Present', 8.0),
(52, '2026-06-19', 'Leave', 0.0),
(52, '2026-06-22', 'Remote', 8.0),
(52, '2026-06-23', 'Remote', 8.0),
(52, '2026-06-24', 'Present', 8.0),
(52, '2026-06-25', 'Present', 8.0),
(52, '2026-06-26', 'Present', 8.0),
(52, '2026-06-29', 'Present', 8.0),
(52, '2026-06-30', 'Present', 8.0),
(52, '2026-07-01', 'Present', 8.0),
(52, '2026-07-02', 'Remote', 8.0),
(52, '2026-07-03', 'Present', 8.0),
(53, '2026-06-08', 'Present', 8.0),
(53, '2026-06-09', 'Present', 8.0),
(53, '2026-06-10', 'Present', 8.0),
(53, '2026-06-11', 'Present', 8.0),
(53, '2026-06-12', 'Remote', 8.0),
(53, '2026-06-15', 'Remote', 8.0),
(53, '2026-06-16', 'Leave', 0.0),
(53, '2026-06-17', 'Present', 8.0),
(53, '2026-06-18', 'Present', 8.0),
(53, '2026-06-19', 'Present', 8.0),
(53, '2026-06-22', 'Present', 8.0),
(53, '2026-06-23', 'Present', 8.0),
(53, '2026-06-24', 'Present', 8.0),
(53, '2026-06-25', 'Present', 8.0),
(53, '2026-06-26', 'Leave', 0.0),
(53, '2026-06-29', 'Present', 8.0),
(53, '2026-06-30', 'Present', 8.0),
(53, '2026-07-01', 'Present', 8.0),
(53, '2026-07-02', 'Present', 8.0),
(53, '2026-07-03', 'Present', 8.0),
(54, '2026-06-08', 'Remote', 8.0),
(54, '2026-06-09', 'Present', 8.0),
(54, '2026-06-10', 'Present', 8.0),
(54, '2026-06-11', 'Present', 8.0),
(54, '2026-06-12', 'Leave', 0.0),
(54, '2026-06-15', 'Present', 8.0),
(54, '2026-06-16', 'Present', 8.0),
(54, '2026-06-17', 'Present', 8.0),
(54, '2026-06-18', 'Absent', 0.0),
(54, '2026-06-19', 'Present', 8.0),
(54, '2026-06-22', 'Present', 8.0),
(54, '2026-06-23', 'Present', 8.0),
(54, '2026-06-24', 'Present', 8.0),
(54, '2026-06-25', 'Present', 8.0),
(54, '2026-06-26', 'Leave', 0.0),
(54, '2026-06-29', 'Present', 8.0),
(54, '2026-06-30', 'Present', 8.0),
(54, '2026-07-01', 'Remote', 8.0),
(54, '2026-07-02', 'Present', 8.0),
(54, '2026-07-03', 'Present', 8.0),
(55, '2026-06-08', 'Present', 8.0),
(55, '2026-06-09', 'Remote', 8.0),
(55, '2026-06-10', 'Present', 8.0),
(55, '2026-06-11', 'Present', 8.0),
(55, '2026-06-12', 'Remote', 8.0),
(55, '2026-06-15', 'Present', 8.0),
(55, '2026-06-16', 'Present', 8.0),
(55, '2026-06-17', 'Present', 8.0),
(55, '2026-06-18', 'Present', 8.0),
(55, '2026-06-19', 'Present', 8.0),
(55, '2026-06-22', 'Present', 8.0),
(55, '2026-06-23', 'Present', 8.0),
(55, '2026-06-24', 'Remote', 8.0),
(55, '2026-06-25', 'Present', 8.0),
(55, '2026-06-26', 'Present', 8.0),
(55, '2026-06-29', 'Present', 8.0),
(55, '2026-06-30', 'Present', 8.0),
(55, '2026-07-01', 'Present', 8.0),
(55, '2026-07-02', 'Present', 8.0),
(55, '2026-07-03', 'Present', 8.0),
(56, '2026-06-08', 'Remote', 8.0),
(56, '2026-06-09', 'Remote', 8.0),
(56, '2026-06-10', 'Remote', 8.0),
(56, '2026-06-11', 'Present', 8.0),
(56, '2026-06-12', 'Present', 8.0),
(56, '2026-06-15', 'Leave', 0.0),
(56, '2026-06-16', 'Present', 8.0),
(56, '2026-06-17', 'Leave', 0.0),
(56, '2026-06-18', 'Present', 8.0),
(56, '2026-06-19', 'Present', 8.0),
(56, '2026-06-22', 'Present', 8.0),
(56, '2026-06-23', 'Present', 8.0),
(56, '2026-06-24', 'Leave', 0.0),
(56, '2026-06-25', 'Present', 8.0),
(56, '2026-06-26', 'Present', 8.0),
(56, '2026-06-29', 'Present', 8.0),
(56, '2026-06-30', 'Present', 8.0),
(56, '2026-07-01', 'Present', 8.0),
(56, '2026-07-02', 'Present', 8.0),
(56, '2026-07-03', 'Present', 8.0),
(58, '2026-06-08', 'Leave', 0.0),
(58, '2026-06-09', 'Present', 8.0),
(58, '2026-06-10', 'Present', 8.0),
(58, '2026-06-11', 'Present', 8.0),
(58, '2026-06-12', 'Remote', 8.0),
(58, '2026-06-15', 'Present', 8.0),
(58, '2026-06-16', 'Present', 8.0),
(58, '2026-06-17', 'Remote', 8.0),
(58, '2026-06-18', 'Present', 8.0),
(58, '2026-06-19', 'Present', 8.0),
(58, '2026-06-22', 'Absent', 0.0),
(58, '2026-06-23', 'Present', 8.0),
(58, '2026-06-24', 'Present', 8.0),
(58, '2026-06-25', 'Present', 8.0),
(58, '2026-06-26', 'Present', 8.0),
(58, '2026-06-29', 'Remote', 8.0),
(58, '2026-06-30', 'Remote', 8.0),
(58, '2026-07-01', 'Present', 8.0),
(58, '2026-07-02', 'Present', 8.0),
(58, '2026-07-03', 'Present', 8.0),
(59, '2026-06-08', 'Leave', 0.0),
(59, '2026-06-09', 'Present', 8.0),
(59, '2026-06-10', 'Present', 8.0),
(59, '2026-06-11', 'Present', 8.0),
(59, '2026-06-12', 'Remote', 8.0),
(59, '2026-06-15', 'Present', 8.0),
(59, '2026-06-16', 'Remote', 8.0),
(59, '2026-06-17', 'Present', 8.0),
(59, '2026-06-18', 'Remote', 8.0),
(59, '2026-06-19', 'Present', 8.0),
(59, '2026-06-22', 'Present', 8.0),
(59, '2026-06-23', 'Present', 8.0),
(59, '2026-06-24', 'Present', 8.0),
(59, '2026-06-25', 'Present', 8.0),
(59, '2026-06-26', 'Present', 8.0),
(59, '2026-06-29', 'Remote', 8.0),
(59, '2026-06-30', 'Present', 8.0),
(59, '2026-07-01', 'Present', 8.0),
(59, '2026-07-02', 'Present', 8.0),
(59, '2026-07-03', 'Present', 8.0),
(60, '2026-06-08', 'Present', 8.0),
(60, '2026-06-09', 'Present', 8.0),
(60, '2026-06-10', 'Present', 8.0),
(60, '2026-06-11', 'Present', 8.0),
(60, '2026-06-12', 'Present', 8.0),
(60, '2026-06-15', 'Present', 8.0),
(60, '2026-06-16', 'Remote', 8.0),
(60, '2026-06-17', 'Present', 8.0),
(60, '2026-06-18', 'Present', 8.0),
(60, '2026-06-19', 'Present', 8.0),
(60, '2026-06-22', 'Present', 8.0),
(60, '2026-06-23', 'Present', 8.0),
(60, '2026-06-24', 'Present', 8.0),
(60, '2026-06-25', 'Present', 8.0),
(60, '2026-06-26', 'Present', 8.0),
(60, '2026-06-29', 'Present', 8.0),
(60, '2026-06-30', 'Present', 8.0),
(60, '2026-07-01', 'Present', 8.0),
(60, '2026-07-02', 'Present', 8.0),
(60, '2026-07-03', 'Present', 8.0);

-- 6. PERFORMANCE_REVIEWS
INSERT INTO performance_reviews (employee_id, reviewer_id, review_period, review_date, rating, comments) VALUES
(1, NULL, '2025-H2', '2026-01-20', 3.22, 'Shows strong initiative but needs to improve on deadlines.'),
(2, NULL, '2025-H2', '2026-01-20', 4.4, 'Solid contributor, room to grow in stakeholder communication.'),
(3, NULL, '2025-H2', '2026-01-07', 4.04, 'Consistently meets targets and collaborates well with the team.'),
(4, NULL, '2025-H2', '2026-01-09', 3.14, 'Needs closer supervision to meet quality standards.'),
(5, NULL, '2025-H2', '2026-01-24', 4.85, 'Needs closer supervision to meet quality standards.'),
(6, NULL, '2025-H2', '2026-01-14', 3.56, 'Shows strong initiative but needs to improve on deadlines.'),
(7, 4, '2025-H2', '2026-01-06', 3.25, 'Shows strong initiative but needs to improve on deadlines.'),
(8, 2, '2025-H2', '2026-01-24', 3.55, 'Solid contributor, room to grow in stakeholder communication.'),
(9, 1, '2025-H2', '2026-01-20', 2.66, 'Needs closer supervision to meet quality standards.'),
(10, 1, '2025-H2', '2026-01-25', 3.84, 'Needs closer supervision to meet quality standards.'),
(11, 5, '2025-H2', '2026-01-09', 3.94, 'Exceptional performance this period, recommended for advancement.'),
(12, 1, '2025-H2', '2026-01-24', 3.57, 'Exceptional performance this period, recommended for advancement.'),
(13, 4, '2025-H2', '2026-01-18', 3.1, 'Shows strong initiative but needs to improve on deadlines.'),
(14, 6, '2025-H2', '2026-01-07', 4.16, 'Needs closer supervision to meet quality standards.'),
(16, 2, '2025-H2', '2026-01-07', 4.94, 'Needs closer supervision to meet quality standards.'),
(17, 1, '2025-H2', '2026-01-21', 3.86, 'Needs closer supervision to meet quality standards.'),
(18, 1, '2025-H2', '2026-01-20', 2.55, 'Consistently meets targets and collaborates well with the team.'),
(19, 1, '2025-H2', '2026-01-16', 4.09, 'Exceptional performance this period, recommended for advancement.'),
(20, 1, '2025-H2', '2026-01-16', 4.37, 'Consistently meets targets and collaborates well with the team.'),
(22, 1, '2025-H2', '2026-01-25', 3.36, 'Consistently meets targets and collaborates well with the team.'),
(23, 1, '2025-H2', '2026-01-15', 4.43, 'Shows strong initiative but needs to improve on deadlines.'),
(24, 6, '2025-H2', '2026-01-22', 2.61, 'Exceptional performance this period, recommended for advancement.'),
(25, 1, '2025-H2', '2026-01-10', 4.53, 'Solid contributor, room to grow in stakeholder communication.'),
(26, 6, '2025-H2', '2026-01-20', 4.95, 'Shows strong initiative but needs to improve on deadlines.'),
(29, 3, '2025-H2', '2026-01-07', 4.53, 'Solid contributor, room to grow in stakeholder communication.'),
(30, 6, '2025-H2', '2026-01-11', 2.59, 'Consistently meets targets and collaborates well with the team.'),
(31, 1, '2025-H2', '2026-01-06', 4.48, 'Exceptional performance this period, recommended for advancement.'),
(32, 4, '2025-H2', '2026-01-21', 4.83, 'Solid contributor, room to grow in stakeholder communication.'),
(33, 6, '2025-H2', '2026-01-22', 4.97, 'Solid contributor, room to grow in stakeholder communication.'),
(34, 3, '2025-H2', '2026-01-25', 3.13, 'Shows strong initiative but needs to improve on deadlines.'),
(37, 5, '2025-H2', '2026-01-06', 3.22, 'Exceptional performance this period, recommended for advancement.'),
(38, 4, '2025-H2', '2026-01-16', 3.18, 'Solid contributor, room to grow in stakeholder communication.'),
(39, 6, '2025-H2', '2026-01-19', 4.72, 'Solid contributor, room to grow in stakeholder communication.'),
(40, 6, '2025-H2', '2026-01-10', 3.35, 'Solid contributor, room to grow in stakeholder communication.'),
(41, 2, '2025-H2', '2026-01-16', 4.23, 'Needs closer supervision to meet quality standards.'),
(42, 3, '2025-H2', '2026-01-07', 3.17, 'Solid contributor, room to grow in stakeholder communication.'),
(43, 6, '2025-H2', '2026-01-24', 2.7, 'Shows strong initiative but needs to improve on deadlines.'),
(44, 1, '2025-H2', '2026-01-15', 3.86, 'Consistently meets targets and collaborates well with the team.'),
(45, 2, '2025-H2', '2026-01-14', 2.7, 'Exceptional performance this period, recommended for advancement.'),
(46, 5, '2025-H2', '2026-01-18', 3.61, 'Shows strong initiative but needs to improve on deadlines.'),
(47, 4, '2025-H2', '2026-01-16', 4.22, 'Solid contributor, room to grow in stakeholder communication.'),
(48, 1, '2025-H2', '2026-01-16', 2.61, 'Needs closer supervision to meet quality standards.'),
(49, 1, '2025-H2', '2026-01-13', 5.0, 'Consistently meets targets and collaborates well with the team.'),
(50, 2, '2025-H2', '2026-01-25', 2.69, 'Solid contributor, room to grow in stakeholder communication.'),
(51, 2, '2025-H2', '2026-01-10', 3.41, 'Consistently meets targets and collaborates well with the team.'),
(52, 5, '2025-H2', '2026-01-24', 2.86, 'Solid contributor, room to grow in stakeholder communication.'),
(53, 5, '2025-H2', '2026-01-07', 2.59, 'Shows strong initiative but needs to improve on deadlines.'),
(54, 4, '2025-H2', '2026-01-16', 4.45, 'Exceptional performance this period, recommended for advancement.'),
(55, 3, '2025-H2', '2026-01-23', 3.46, 'Consistently meets targets and collaborates well with the team.'),
(56, 4, '2025-H2', '2026-01-19', 4.01, 'Exceptional performance this period, recommended for advancement.'),
(57, 6, '2025-H2', '2026-01-07', 3.43, 'Needs closer supervision to meet quality standards.'),
(58, 4, '2025-H2', '2026-01-16', 2.84, 'Solid contributor, room to grow in stakeholder communication.'),
(59, 3, '2025-H2', '2026-01-13', 3.29, 'Shows strong initiative but needs to improve on deadlines.'),
(60, 2, '2025-H2', '2026-01-05', 4.9, 'Shows strong initiative but needs to improve on deadlines.');

-- 7. PAYROLL (Jan-Jun 2026)
INSERT INTO payroll (employee_id, pay_period, gross_salary, paye_tax, pension_employee, pension_employer, nhf_deduction, nsitf_employer, itf_employer, other_deductions, net_salary, payment_date) VALUES
(1, '2026-01', 634679.23, 44427.55, 50774.34, 63467.92, 15866.98, 6346.79, 6346.79, 0, 523610.36, '2026-01-28'),
(1, '2026-02', 634679.23, 44427.55, 50774.34, 63467.92, 15866.98, 6346.79, 6346.79, 0, 523610.36, '2026-02-28'),
(1, '2026-03', 634679.23, 44427.55, 50774.34, 63467.92, 15866.98, 6346.79, 6346.79, 0, 523610.36, '2026-03-28'),
(1, '2026-04', 634679.23, 44427.55, 50774.34, 63467.92, 15866.98, 6346.79, 6346.79, 0, 523610.36, '2026-04-28'),
(1, '2026-05', 634679.23, 44427.55, 50774.34, 63467.92, 15866.98, 6346.79, 6346.79, 0, 523610.36, '2026-05-28'),
(1, '2026-06', 634679.23, 44427.55, 50774.34, 63467.92, 15866.98, 6346.79, 6346.79, 0, 523610.36, '2026-06-28'),
(2, '2026-01', 349739.28, 24481.75, 27979.14, 34973.93, 8743.48, 3497.39, 3497.39, 0, 288534.91, '2026-01-28'),
(2, '2026-02', 349739.28, 24481.75, 27979.14, 34973.93, 8743.48, 3497.39, 3497.39, 0, 288534.91, '2026-02-28'),
(2, '2026-03', 349739.28, 24481.75, 27979.14, 34973.93, 8743.48, 3497.39, 3497.39, 0, 288534.91, '2026-03-28'),
(2, '2026-04', 349739.28, 24481.75, 27979.14, 34973.93, 8743.48, 3497.39, 3497.39, 0, 288534.91, '2026-04-28'),
(2, '2026-05', 349739.28, 24481.75, 27979.14, 34973.93, 8743.48, 3497.39, 3497.39, 0, 288534.91, '2026-05-28'),
(2, '2026-06', 349739.28, 24481.75, 27979.14, 34973.93, 8743.48, 3497.39, 3497.39, 0, 288534.91, '2026-06-28'),
(7, '2026-01', 386160.47, 27031.23, 30892.84, 38616.05, 9654.01, 3861.6, 3861.6, 0, 318582.39, '2026-01-28'),
(7, '2026-02', 386160.47, 27031.23, 30892.84, 38616.05, 9654.01, 3861.6, 3861.6, 0, 318582.39, '2026-02-28'),
(7, '2026-03', 386160.47, 27031.23, 30892.84, 38616.05, 9654.01, 3861.6, 3861.6, 0, 318582.39, '2026-03-28'),
(7, '2026-04', 386160.47, 27031.23, 30892.84, 38616.05, 9654.01, 3861.6, 3861.6, 0, 318582.39, '2026-04-28'),
(7, '2026-05', 386160.47, 27031.23, 30892.84, 38616.05, 9654.01, 3861.6, 3861.6, 0, 318582.39, '2026-05-28'),
(7, '2026-06', 386160.47, 27031.23, 30892.84, 38616.05, 9654.01, 3861.6, 3861.6, 0, 318582.39, '2026-06-28'),
(8, '2026-01', 369903.18, 25893.22, 29592.25, 36990.32, 9247.58, 3699.03, 3699.03, 0, 305170.13, '2026-01-28'),
(8, '2026-02', 369903.18, 25893.22, 29592.25, 36990.32, 9247.58, 3699.03, 3699.03, 0, 305170.13, '2026-02-28'),
(8, '2026-03', 369903.18, 25893.22, 29592.25, 36990.32, 9247.58, 3699.03, 3699.03, 0, 305170.13, '2026-03-28'),
(8, '2026-04', 369903.18, 25893.22, 29592.25, 36990.32, 9247.58, 3699.03, 3699.03, 0, 305170.13, '2026-04-28'),
(8, '2026-05', 369903.18, 25893.22, 29592.25, 36990.32, 9247.58, 3699.03, 3699.03, 0, 305170.13, '2026-05-28'),
(8, '2026-06', 369903.18, 25893.22, 29592.25, 36990.32, 9247.58, 3699.03, 3699.03, 0, 305170.13, '2026-06-28'),
(9, '2026-01', 843049.24, 59013.45, 67443.94, 84304.92, 21076.23, 8430.49, 8430.49, 0, 695515.62, '2026-01-28'),
(9, '2026-02', 843049.24, 59013.45, 67443.94, 84304.92, 21076.23, 8430.49, 8430.49, 0, 695515.62, '2026-02-28'),
(9, '2026-03', 843049.24, 59013.45, 67443.94, 84304.92, 21076.23, 8430.49, 8430.49, 0, 695515.62, '2026-03-28'),
(9, '2026-04', 843049.24, 59013.45, 67443.94, 84304.92, 21076.23, 8430.49, 8430.49, 0, 695515.62, '2026-04-28'),
(9, '2026-05', 843049.24, 59013.45, 67443.94, 84304.92, 21076.23, 8430.49, 8430.49, 0, 695515.62, '2026-05-28'),
(9, '2026-06', 843049.24, 59013.45, 67443.94, 84304.92, 21076.23, 8430.49, 8430.49, 0, 695515.62, '2026-06-28'),
(10, '2026-01', 703818.23, 49267.28, 56305.46, 70381.82, 17595.46, 7038.18, 7038.18, 0, 580650.03, '2026-01-28'),
(10, '2026-02', 703818.23, 49267.28, 56305.46, 70381.82, 17595.46, 7038.18, 7038.18, 0, 580650.03, '2026-02-28'),
(10, '2026-03', 703818.23, 49267.28, 56305.46, 70381.82, 17595.46, 7038.18, 7038.18, 0, 580650.03, '2026-03-28'),
(10, '2026-04', 703818.23, 49267.28, 56305.46, 70381.82, 17595.46, 7038.18, 7038.18, 0, 580650.03, '2026-04-28'),
(10, '2026-05', 703818.23, 49267.28, 56305.46, 70381.82, 17595.46, 7038.18, 7038.18, 0, 580650.03, '2026-05-28'),
(10, '2026-06', 703818.23, 49267.28, 56305.46, 70381.82, 17595.46, 7038.18, 7038.18, 0, 580650.03, '2026-06-28'),
(11, '2026-01', 766710.89, 53669.76, 61336.87, 76671.09, 19167.77, 7667.11, 7667.11, 0, 632536.49, '2026-01-28'),
(11, '2026-02', 766710.89, 53669.76, 61336.87, 76671.09, 19167.77, 7667.11, 7667.11, 0, 632536.49, '2026-02-28'),
(11, '2026-03', 766710.89, 53669.76, 61336.87, 76671.09, 19167.77, 7667.11, 7667.11, 0, 632536.49, '2026-03-28'),
(11, '2026-04', 766710.89, 53669.76, 61336.87, 76671.09, 19167.77, 7667.11, 7667.11, 0, 632536.49, '2026-04-28'),
(11, '2026-05', 766710.89, 53669.76, 61336.87, 76671.09, 19167.77, 7667.11, 7667.11, 0, 632536.49, '2026-05-28'),
(11, '2026-06', 766710.89, 53669.76, 61336.87, 76671.09, 19167.77, 7667.11, 7667.11, 0, 632536.49, '2026-06-28'),
(12, '2026-01', 641187.33, 44883.11, 51294.99, 64118.73, 16029.68, 6411.87, 6411.87, 0, 528979.55, '2026-01-28'),
(12, '2026-02', 641187.33, 44883.11, 51294.99, 64118.73, 16029.68, 6411.87, 6411.87, 0, 528979.55, '2026-02-28'),
(12, '2026-03', 641187.33, 44883.11, 51294.99, 64118.73, 16029.68, 6411.87, 6411.87, 0, 528979.55, '2026-03-28'),
(13, '2026-01', 808337.91, 56583.65, 64667.03, 80833.79, 20208.45, 8083.38, 8083.38, 0, 666878.78, '2026-01-28'),
(13, '2026-02', 808337.91, 56583.65, 64667.03, 80833.79, 20208.45, 8083.38, 8083.38, 0, 666878.78, '2026-02-28'),
(13, '2026-03', 808337.91, 56583.65, 64667.03, 80833.79, 20208.45, 8083.38, 8083.38, 0, 666878.78, '2026-03-28'),
(13, '2026-04', 808337.91, 56583.65, 64667.03, 80833.79, 20208.45, 8083.38, 8083.38, 0, 666878.78, '2026-04-28'),
(13, '2026-05', 808337.91, 56583.65, 64667.03, 80833.79, 20208.45, 8083.38, 8083.38, 0, 666878.78, '2026-05-28'),
(13, '2026-06', 808337.91, 56583.65, 64667.03, 80833.79, 20208.45, 8083.38, 8083.38, 0, 666878.78, '2026-06-28'),
(14, '2026-01', 711198.08, 49783.87, 56895.85, 71119.81, 17779.95, 7111.98, 7111.98, 0, 586738.41, '2026-01-28'),
(14, '2026-02', 711198.08, 49783.87, 56895.85, 71119.81, 17779.95, 7111.98, 7111.98, 0, 586738.41, '2026-02-28'),
(14, '2026-03', 711198.08, 49783.87, 56895.85, 71119.81, 17779.95, 7111.98, 7111.98, 0, 586738.41, '2026-03-28'),
(14, '2026-04', 711198.08, 49783.87, 56895.85, 71119.81, 17779.95, 7111.98, 7111.98, 0, 586738.41, '2026-04-28'),
(14, '2026-05', 711198.08, 49783.87, 56895.85, 71119.81, 17779.95, 7111.98, 7111.98, 0, 586738.41, '2026-05-28'),
(14, '2026-06', 711198.08, 49783.87, 56895.85, 71119.81, 17779.95, 7111.98, 7111.98, 0, 586738.41, '2026-06-28'),
(15, '2026-01', 606519.57, 42456.37, 48521.57, 60651.96, 15162.99, 6065.2, 6065.2, 0, 500378.64, '2026-01-28'),
(15, '2026-02', 606519.57, 42456.37, 48521.57, 60651.96, 15162.99, 6065.2, 6065.2, 0, 500378.64, '2026-02-28'),
(15, '2026-03', 606519.57, 42456.37, 48521.57, 60651.96, 15162.99, 6065.2, 6065.2, 0, 500378.64, '2026-03-28'),
(15, '2026-04', 606519.57, 42456.37, 48521.57, 60651.96, 15162.99, 6065.2, 6065.2, 0, 500378.64, '2026-04-28'),
(15, '2026-05', 606519.57, 42456.37, 48521.57, 60651.96, 15162.99, 6065.2, 6065.2, 0, 500378.64, '2026-05-28'),
(17, '2026-01', 687416.72, 48119.17, 54993.34, 68741.67, 17185.42, 6874.17, 6874.17, 0, 567118.79, '2026-01-28'),
(17, '2026-02', 687416.72, 48119.17, 54993.34, 68741.67, 17185.42, 6874.17, 6874.17, 0, 567118.79, '2026-02-28'),
(17, '2026-03', 687416.72, 48119.17, 54993.34, 68741.67, 17185.42, 6874.17, 6874.17, 0, 567118.79, '2026-03-28'),
(17, '2026-04', 687416.72, 48119.17, 54993.34, 68741.67, 17185.42, 6874.17, 6874.17, 0, 567118.79, '2026-04-28'),
(17, '2026-05', 687416.72, 48119.17, 54993.34, 68741.67, 17185.42, 6874.17, 6874.17, 0, 567118.79, '2026-05-28'),
(17, '2026-06', 687416.72, 48119.17, 54993.34, 68741.67, 17185.42, 6874.17, 6874.17, 0, 567118.79, '2026-06-28'),
(18, '2026-01', 371465.38, 26002.58, 29717.23, 37146.54, 9286.63, 3714.65, 3714.65, 0, 306458.94, '2026-01-28'),
(18, '2026-02', 371465.38, 26002.58, 29717.23, 37146.54, 9286.63, 3714.65, 3714.65, 0, 306458.94, '2026-02-28'),
(18, '2026-03', 371465.38, 26002.58, 29717.23, 37146.54, 9286.63, 3714.65, 3714.65, 0, 306458.94, '2026-03-28'),
(18, '2026-04', 371465.38, 26002.58, 29717.23, 37146.54, 9286.63, 3714.65, 3714.65, 0, 306458.94, '2026-04-28'),
(18, '2026-05', 371465.38, 26002.58, 29717.23, 37146.54, 9286.63, 3714.65, 3714.65, 0, 306458.94, '2026-05-28'),
(18, '2026-06', 371465.38, 26002.58, 29717.23, 37146.54, 9286.63, 3714.65, 3714.65, 0, 306458.94, '2026-06-28'),
(21, '2026-05', 408465.03, 28592.55, 32677.2, 40846.5, 10211.63, 4084.65, 4084.65, 0, 336983.65, '2026-05-28'),
(21, '2026-06', 408465.03, 28592.55, 32677.2, 40846.5, 10211.63, 4084.65, 4084.65, 0, 336983.65, '2026-06-28'),
(22, '2026-01', 919799.76, 64385.98, 73583.98, 91979.98, 22994.99, 9198.0, 9198.0, 0, 758834.81, '2026-01-28'),
(22, '2026-02', 919799.76, 64385.98, 73583.98, 91979.98, 22994.99, 9198.0, 9198.0, 0, 758834.81, '2026-02-28'),
(22, '2026-03', 919799.76, 64385.98, 73583.98, 91979.98, 22994.99, 9198.0, 9198.0, 0, 758834.81, '2026-03-28'),
(22, '2026-04', 919799.76, 64385.98, 73583.98, 91979.98, 22994.99, 9198.0, 9198.0, 0, 758834.81, '2026-04-28'),
(22, '2026-05', 919799.76, 64385.98, 73583.98, 91979.98, 22994.99, 9198.0, 9198.0, 0, 758834.81, '2026-05-28'),
(22, '2026-06', 919799.76, 64385.98, 73583.98, 91979.98, 22994.99, 9198.0, 9198.0, 0, 758834.81, '2026-06-28'),
(23, '2026-01', 656923.76, 45984.66, 52553.9, 65692.38, 16423.09, 6569.24, 6569.24, 0, 541962.11, '2026-01-28'),
(23, '2026-02', 656923.76, 45984.66, 52553.9, 65692.38, 16423.09, 6569.24, 6569.24, 0, 541962.11, '2026-02-28'),
(23, '2026-03', 656923.76, 45984.66, 52553.9, 65692.38, 16423.09, 6569.24, 6569.24, 0, 541962.11, '2026-03-28'),
(23, '2026-04', 656923.76, 45984.66, 52553.9, 65692.38, 16423.09, 6569.24, 6569.24, 0, 541962.11, '2026-04-28'),
(23, '2026-05', 656923.76, 45984.66, 52553.9, 65692.38, 16423.09, 6569.24, 6569.24, 0, 541962.11, '2026-05-28'),
(23, '2026-06', 656923.76, 45984.66, 52553.9, 65692.38, 16423.09, 6569.24, 6569.24, 0, 541962.11, '2026-06-28'),
(24, '2026-01', 410997.75, 28769.84, 32879.82, 41099.78, 10274.94, 4109.98, 4109.98, 0, 339073.15, '2026-01-28'),
(24, '2026-02', 410997.75, 28769.84, 32879.82, 41099.78, 10274.94, 4109.98, 4109.98, 0, 339073.15, '2026-02-28'),
(24, '2026-03', 410997.75, 28769.84, 32879.82, 41099.78, 10274.94, 4109.98, 4109.98, 0, 339073.15, '2026-03-28'),
(24, '2026-04', 410997.75, 28769.84, 32879.82, 41099.78, 10274.94, 4109.98, 4109.98, 0, 339073.15, '2026-04-28'),
(24, '2026-05', 410997.75, 28769.84, 32879.82, 41099.78, 10274.94, 4109.98, 4109.98, 0, 339073.15, '2026-05-28'),
(24, '2026-06', 410997.75, 28769.84, 32879.82, 41099.78, 10274.94, 4109.98, 4109.98, 0, 339073.15, '2026-06-28'),
(26, '2026-01', 809170.18, 56641.91, 64733.61, 80917.02, 20229.25, 8091.7, 8091.7, 0, 667565.41, '2026-01-28'),
(26, '2026-02', 809170.18, 56641.91, 64733.61, 80917.02, 20229.25, 8091.7, 8091.7, 0, 667565.41, '2026-02-28'),
(26, '2026-03', 809170.18, 56641.91, 64733.61, 80917.02, 20229.25, 8091.7, 8091.7, 0, 667565.41, '2026-03-28'),
(26, '2026-04', 809170.18, 56641.91, 64733.61, 80917.02, 20229.25, 8091.7, 8091.7, 0, 667565.41, '2026-04-28'),
(26, '2026-05', 809170.18, 56641.91, 64733.61, 80917.02, 20229.25, 8091.7, 8091.7, 0, 667565.41, '2026-05-28'),
(26, '2026-06', 809170.18, 56641.91, 64733.61, 80917.02, 20229.25, 8091.7, 8091.7, 0, 667565.41, '2026-06-28'),
(27, '2026-01', 444017.82, 31081.25, 35521.43, 44401.78, 11100.45, 4440.18, 4440.18, 0, 366314.69, '2026-01-28'),
(27, '2026-02', 444017.82, 31081.25, 35521.43, 44401.78, 11100.45, 4440.18, 4440.18, 0, 366314.69, '2026-02-28'),
(27, '2026-03', 444017.82, 31081.25, 35521.43, 44401.78, 11100.45, 4440.18, 4440.18, 0, 366314.69, '2026-03-28'),
(27, '2026-04', 444017.82, 31081.25, 35521.43, 44401.78, 11100.45, 4440.18, 4440.18, 0, 366314.69, '2026-04-28'),
(27, '2026-05', 444017.82, 31081.25, 35521.43, 44401.78, 11100.45, 4440.18, 4440.18, 0, 366314.69, '2026-05-28'),
(27, '2026-06', 444017.82, 31081.25, 35521.43, 44401.78, 11100.45, 4440.18, 4440.18, 0, 366314.69, '2026-06-28'),
(28, '2026-02', 773761.8, 54163.33, 61900.94, 77376.18, 19344.05, 7737.62, 7737.62, 0, 638353.48, '2026-02-28'),
(28, '2026-03', 773761.8, 54163.33, 61900.94, 77376.18, 19344.05, 7737.62, 7737.62, 0, 638353.48, '2026-03-28'),
(28, '2026-04', 773761.8, 54163.33, 61900.94, 77376.18, 19344.05, 7737.62, 7737.62, 0, 638353.48, '2026-04-28'),
(28, '2026-05', 773761.8, 54163.33, 61900.94, 77376.18, 19344.05, 7737.62, 7737.62, 0, 638353.48, '2026-05-28'),
(28, '2026-06', 773761.8, 54163.33, 61900.94, 77376.18, 19344.05, 7737.62, 7737.62, 0, 638353.48, '2026-06-28'),
(30, '2026-01', 372137.9, 26049.65, 29771.03, 37213.79, 9303.45, 3721.38, 3721.38, 0, 307013.77, '2026-01-28'),
(30, '2026-02', 372137.9, 26049.65, 29771.03, 37213.79, 9303.45, 3721.38, 3721.38, 0, 307013.77, '2026-02-28'),
(30, '2026-03', 372137.9, 26049.65, 29771.03, 37213.79, 9303.45, 3721.38, 3721.38, 0, 307013.77, '2026-03-28'),
(30, '2026-04', 372137.9, 26049.65, 29771.03, 37213.79, 9303.45, 3721.38, 3721.38, 0, 307013.77, '2026-04-28'),
(30, '2026-05', 372137.9, 26049.65, 29771.03, 37213.79, 9303.45, 3721.38, 3721.38, 0, 307013.77, '2026-05-28'),
(30, '2026-06', 372137.9, 26049.65, 29771.03, 37213.79, 9303.45, 3721.38, 3721.38, 0, 307013.77, '2026-06-28'),
(31, '2026-01', 318107.71, 22267.54, 25448.62, 31810.77, 7952.69, 3181.08, 3181.08, 0, 262438.86, '2026-01-28'),
(31, '2026-02', 318107.71, 22267.54, 25448.62, 31810.77, 7952.69, 3181.08, 3181.08, 0, 262438.86, '2026-02-28'),
(31, '2026-03', 318107.71, 22267.54, 25448.62, 31810.77, 7952.69, 3181.08, 3181.08, 0, 262438.86, '2026-03-28'),
(31, '2026-04', 318107.71, 22267.54, 25448.62, 31810.77, 7952.69, 3181.08, 3181.08, 0, 262438.86, '2026-04-28'),
(31, '2026-05', 318107.71, 22267.54, 25448.62, 31810.77, 7952.69, 3181.08, 3181.08, 0, 262438.86, '2026-05-28'),
(31, '2026-06', 318107.71, 22267.54, 25448.62, 31810.77, 7952.69, 3181.08, 3181.08, 0, 262438.86, '2026-06-28'),
(33, '2026-01', 935485.26, 65483.97, 74838.82, 93548.53, 23387.13, 9354.85, 9354.85, 0, 771775.34, '2026-01-28'),
(33, '2026-02', 935485.26, 65483.97, 74838.82, 93548.53, 23387.13, 9354.85, 9354.85, 0, 771775.34, '2026-02-28'),
(33, '2026-03', 935485.26, 65483.97, 74838.82, 93548.53, 23387.13, 9354.85, 9354.85, 0, 771775.34, '2026-03-28'),
(33, '2026-04', 935485.26, 65483.97, 74838.82, 93548.53, 23387.13, 9354.85, 9354.85, 0, 771775.34, '2026-04-28'),
(33, '2026-05', 935485.26, 65483.97, 74838.82, 93548.53, 23387.13, 9354.85, 9354.85, 0, 771775.34, '2026-05-28'),
(33, '2026-06', 935485.26, 65483.97, 74838.82, 93548.53, 23387.13, 9354.85, 9354.85, 0, 771775.34, '2026-06-28'),
(34, '2026-01', 740979.7, 51868.58, 59278.38, 74097.97, 18524.49, 7409.8, 7409.8, 0, 611308.25, '2026-01-28'),
(34, '2026-02', 740979.7, 51868.58, 59278.38, 74097.97, 18524.49, 7409.8, 7409.8, 0, 611308.25, '2026-02-28'),
(34, '2026-03', 740979.7, 51868.58, 59278.38, 74097.97, 18524.49, 7409.8, 7409.8, 0, 611308.25, '2026-03-28'),
(34, '2026-04', 740979.7, 51868.58, 59278.38, 74097.97, 18524.49, 7409.8, 7409.8, 0, 611308.25, '2026-04-28'),
(34, '2026-05', 740979.7, 51868.58, 59278.38, 74097.97, 18524.49, 7409.8, 7409.8, 0, 611308.25, '2026-05-28'),
(34, '2026-06', 740979.7, 51868.58, 59278.38, 74097.97, 18524.49, 7409.8, 7409.8, 0, 611308.25, '2026-06-28'),
(35, '2026-01', 733961.1, 51377.28, 58716.89, 73396.11, 18349.03, 7339.61, 7339.61, 0, 605517.9, '2026-01-28'),
(35, '2026-02', 733961.1, 51377.28, 58716.89, 73396.11, 18349.03, 7339.61, 7339.61, 0, 605517.9, '2026-02-28'),
(35, '2026-03', 733961.1, 51377.28, 58716.89, 73396.11, 18349.03, 7339.61, 7339.61, 0, 605517.9, '2026-03-28'),
(35, '2026-04', 733961.1, 51377.28, 58716.89, 73396.11, 18349.03, 7339.61, 7339.61, 0, 605517.9, '2026-04-28'),
(35, '2026-05', 733961.1, 51377.28, 58716.89, 73396.11, 18349.03, 7339.61, 7339.61, 0, 605517.9, '2026-05-28'),
(35, '2026-06', 733961.1, 51377.28, 58716.89, 73396.11, 18349.03, 7339.61, 7339.61, 0, 605517.9, '2026-06-28'),
(36, '2026-03', 418149.19, 29270.44, 33451.94, 41814.92, 10453.73, 4181.49, 4181.49, 0, 344973.08, '2026-03-28'),
(36, '2026-04', 418149.19, 29270.44, 33451.94, 41814.92, 10453.73, 4181.49, 4181.49, 0, 344973.08, '2026-04-28'),
(36, '2026-05', 418149.19, 29270.44, 33451.94, 41814.92, 10453.73, 4181.49, 4181.49, 0, 344973.08, '2026-05-28'),
(36, '2026-06', 418149.19, 29270.44, 33451.94, 41814.92, 10453.73, 4181.49, 4181.49, 0, 344973.08, '2026-06-28'),
(37, '2026-01', 618211.05, 43274.77, 49456.88, 61821.11, 15455.28, 6182.11, 6182.11, 0, 510024.12, '2026-01-28'),
(37, '2026-02', 618211.05, 43274.77, 49456.88, 61821.11, 15455.28, 6182.11, 6182.11, 0, 510024.12, '2026-02-28'),
(37, '2026-03', 618211.05, 43274.77, 49456.88, 61821.11, 15455.28, 6182.11, 6182.11, 0, 510024.12, '2026-03-28'),
(37, '2026-04', 618211.05, 43274.77, 49456.88, 61821.11, 15455.28, 6182.11, 6182.11, 0, 510024.12, '2026-04-28'),
(37, '2026-05', 618211.05, 43274.77, 49456.88, 61821.11, 15455.28, 6182.11, 6182.11, 0, 510024.12, '2026-05-28'),
(37, '2026-06', 618211.05, 43274.77, 49456.88, 61821.11, 15455.28, 6182.11, 6182.11, 0, 510024.12, '2026-06-28'),
(38, '2026-01', 700232.97, 49016.31, 56018.64, 70023.3, 17505.82, 7002.33, 7002.33, 0, 577692.2, '2026-01-28'),
(38, '2026-02', 700232.97, 49016.31, 56018.64, 70023.3, 17505.82, 7002.33, 7002.33, 0, 577692.2, '2026-02-28'),
(38, '2026-03', 700232.97, 49016.31, 56018.64, 70023.3, 17505.82, 7002.33, 7002.33, 0, 577692.2, '2026-03-28'),
(38, '2026-04', 700232.97, 49016.31, 56018.64, 70023.3, 17505.82, 7002.33, 7002.33, 0, 577692.2, '2026-04-28'),
(38, '2026-05', 700232.97, 49016.31, 56018.64, 70023.3, 17505.82, 7002.33, 7002.33, 0, 577692.2, '2026-05-28'),
(38, '2026-06', 700232.97, 49016.31, 56018.64, 70023.3, 17505.82, 7002.33, 7002.33, 0, 577692.2, '2026-06-28'),
(39, '2026-01', 419022.99, 29331.61, 33521.84, 41902.3, 10475.57, 4190.23, 4190.23, 0, 345693.97, '2026-01-28'),
(39, '2026-02', 419022.99, 29331.61, 33521.84, 41902.3, 10475.57, 4190.23, 4190.23, 0, 345693.97, '2026-02-28'),
(39, '2026-03', 419022.99, 29331.61, 33521.84, 41902.3, 10475.57, 4190.23, 4190.23, 0, 345693.97, '2026-03-28'),
(39, '2026-04', 419022.99, 29331.61, 33521.84, 41902.3, 10475.57, 4190.23, 4190.23, 0, 345693.97, '2026-04-28'),
(39, '2026-05', 419022.99, 29331.61, 33521.84, 41902.3, 10475.57, 4190.23, 4190.23, 0, 345693.97, '2026-05-28'),
(39, '2026-06', 419022.99, 29331.61, 33521.84, 41902.3, 10475.57, 4190.23, 4190.23, 0, 345693.97, '2026-06-28'),
(40, '2026-01', 716192.77, 50133.49, 57295.42, 71619.28, 17904.82, 7161.93, 7161.93, 0, 590859.04, '2026-01-28'),
(40, '2026-02', 716192.77, 50133.49, 57295.42, 71619.28, 17904.82, 7161.93, 7161.93, 0, 590859.04, '2026-02-28'),
(40, '2026-03', 716192.77, 50133.49, 57295.42, 71619.28, 17904.82, 7161.93, 7161.93, 0, 590859.04, '2026-03-28'),
(40, '2026-04', 716192.77, 50133.49, 57295.42, 71619.28, 17904.82, 7161.93, 7161.93, 0, 590859.04, '2026-04-28'),
(40, '2026-05', 716192.77, 50133.49, 57295.42, 71619.28, 17904.82, 7161.93, 7161.93, 0, 590859.04, '2026-05-28'),
(40, '2026-06', 716192.77, 50133.49, 57295.42, 71619.28, 17904.82, 7161.93, 7161.93, 0, 590859.04, '2026-06-28'),
(41, '2026-01', 315432.74, 22080.29, 25234.62, 31543.27, 7885.82, 3154.33, 3154.33, 0, 260232.01, '2026-01-28'),
(41, '2026-02', 315432.74, 22080.29, 25234.62, 31543.27, 7885.82, 3154.33, 3154.33, 0, 260232.01, '2026-02-28'),
(41, '2026-03', 315432.74, 22080.29, 25234.62, 31543.27, 7885.82, 3154.33, 3154.33, 0, 260232.01, '2026-03-28'),
(41, '2026-04', 315432.74, 22080.29, 25234.62, 31543.27, 7885.82, 3154.33, 3154.33, 0, 260232.01, '2026-04-28'),
(41, '2026-05', 315432.74, 22080.29, 25234.62, 31543.27, 7885.82, 3154.33, 3154.33, 0, 260232.01, '2026-05-28'),
(41, '2026-06', 315432.74, 22080.29, 25234.62, 31543.27, 7885.82, 3154.33, 3154.33, 0, 260232.01, '2026-06-28'),
(42, '2026-01', 911530.5, 63807.14, 72922.44, 91153.05, 22788.26, 9115.31, 9115.31, 0, 752012.66, '2026-01-28'),
(42, '2026-02', 911530.5, 63807.14, 72922.44, 91153.05, 22788.26, 9115.31, 9115.31, 0, 752012.66, '2026-02-28'),
(42, '2026-03', 911530.5, 63807.14, 72922.44, 91153.05, 22788.26, 9115.31, 9115.31, 0, 752012.66, '2026-03-28'),
(42, '2026-04', 911530.5, 63807.14, 72922.44, 91153.05, 22788.26, 9115.31, 9115.31, 0, 752012.66, '2026-04-28'),
(42, '2026-05', 911530.5, 63807.14, 72922.44, 91153.05, 22788.26, 9115.31, 9115.31, 0, 752012.66, '2026-05-28'),
(42, '2026-06', 911530.5, 63807.14, 72922.44, 91153.05, 22788.26, 9115.31, 9115.31, 0, 752012.66, '2026-06-28'),
(43, '2026-01', 393529.74, 27547.08, 31482.38, 39352.97, 9838.24, 3935.3, 3935.3, 0, 324662.04, '2026-01-28'),
(43, '2026-02', 393529.74, 27547.08, 31482.38, 39352.97, 9838.24, 3935.3, 3935.3, 0, 324662.04, '2026-02-28'),
(43, '2026-03', 393529.74, 27547.08, 31482.38, 39352.97, 9838.24, 3935.3, 3935.3, 0, 324662.04, '2026-03-28'),
(43, '2026-04', 393529.74, 27547.08, 31482.38, 39352.97, 9838.24, 3935.3, 3935.3, 0, 324662.04, '2026-04-28'),
(43, '2026-05', 393529.74, 27547.08, 31482.38, 39352.97, 9838.24, 3935.3, 3935.3, 0, 324662.04, '2026-05-28'),
(43, '2026-06', 393529.74, 27547.08, 31482.38, 39352.97, 9838.24, 3935.3, 3935.3, 0, 324662.04, '2026-06-28'),
(44, '2026-01', 286548.03, 20058.36, 22923.84, 28654.8, 7163.7, 2865.48, 2865.48, 0, 236402.13, '2026-01-28'),
(44, '2026-02', 286548.03, 20058.36, 22923.84, 28654.8, 7163.7, 2865.48, 2865.48, 0, 236402.13, '2026-02-28'),
(44, '2026-03', 286548.03, 20058.36, 22923.84, 28654.8, 7163.7, 2865.48, 2865.48, 0, 236402.13, '2026-03-28'),
(44, '2026-04', 286548.03, 20058.36, 22923.84, 28654.8, 7163.7, 2865.48, 2865.48, 0, 236402.13, '2026-04-28'),
(44, '2026-05', 286548.03, 20058.36, 22923.84, 28654.8, 7163.7, 2865.48, 2865.48, 0, 236402.13, '2026-05-28'),
(44, '2026-06', 286548.03, 20058.36, 22923.84, 28654.8, 7163.7, 2865.48, 2865.48, 0, 236402.13, '2026-06-28'),
(45, '2026-01', 821326.2, 57492.83, 65706.1, 82132.62, 20533.15, 8213.26, 8213.26, 0, 677594.12, '2026-01-28'),
(45, '2026-02', 821326.2, 57492.83, 65706.1, 82132.62, 20533.15, 8213.26, 8213.26, 0, 677594.12, '2026-02-28'),
(45, '2026-03', 821326.2, 57492.83, 65706.1, 82132.62, 20533.15, 8213.26, 8213.26, 0, 677594.12, '2026-03-28'),
(45, '2026-04', 821326.2, 57492.83, 65706.1, 82132.62, 20533.15, 8213.26, 8213.26, 0, 677594.12, '2026-04-28'),
(45, '2026-05', 821326.2, 57492.83, 65706.1, 82132.62, 20533.15, 8213.26, 8213.26, 0, 677594.12, '2026-05-28'),
(45, '2026-06', 821326.2, 57492.83, 65706.1, 82132.62, 20533.15, 8213.26, 8213.26, 0, 677594.12, '2026-06-28'),
(46, '2026-01', 755587.07, 52891.09, 60446.97, 75558.71, 18889.68, 7555.87, 7555.87, 0, 623359.33, '2026-01-28'),
(46, '2026-02', 755587.07, 52891.09, 60446.97, 75558.71, 18889.68, 7555.87, 7555.87, 0, 623359.33, '2026-02-28'),
(46, '2026-03', 755587.07, 52891.09, 60446.97, 75558.71, 18889.68, 7555.87, 7555.87, 0, 623359.33, '2026-03-28'),
(46, '2026-04', 755587.07, 52891.09, 60446.97, 75558.71, 18889.68, 7555.87, 7555.87, 0, 623359.33, '2026-04-28'),
(46, '2026-05', 755587.07, 52891.09, 60446.97, 75558.71, 18889.68, 7555.87, 7555.87, 0, 623359.33, '2026-05-28'),
(46, '2026-06', 755587.07, 52891.09, 60446.97, 75558.71, 18889.68, 7555.87, 7555.87, 0, 623359.33, '2026-06-28'),
(49, '2026-01', 756748.68, 52972.41, 60539.89, 75674.87, 18918.72, 7567.49, 7567.49, 0, 624317.66, '2026-01-28'),
(49, '2026-02', 756748.68, 52972.41, 60539.89, 75674.87, 18918.72, 7567.49, 7567.49, 0, 624317.66, '2026-02-28'),
(50, '2026-01', 363679.61, 25457.57, 29094.37, 36367.96, 9091.99, 3636.8, 3636.8, 0, 300035.68, '2026-01-28'),
(50, '2026-02', 363679.61, 25457.57, 29094.37, 36367.96, 9091.99, 3636.8, 3636.8, 0, 300035.68, '2026-02-28'),
(50, '2026-03', 363679.61, 25457.57, 29094.37, 36367.96, 9091.99, 3636.8, 3636.8, 0, 300035.68, '2026-03-28'),
(50, '2026-04', 363679.61, 25457.57, 29094.37, 36367.96, 9091.99, 3636.8, 3636.8, 0, 300035.68, '2026-04-28'),
(50, '2026-05', 363679.61, 25457.57, 29094.37, 36367.96, 9091.99, 3636.8, 3636.8, 0, 300035.68, '2026-05-28'),
(50, '2026-06', 363679.61, 25457.57, 29094.37, 36367.96, 9091.99, 3636.8, 3636.8, 0, 300035.68, '2026-06-28'),
(51, '2026-01', 922835.0, 64598.45, 73826.8, 92283.5, 23070.88, 9228.35, 9228.35, 0, 761338.87, '2026-01-28'),
(51, '2026-02', 922835.0, 64598.45, 73826.8, 92283.5, 23070.88, 9228.35, 9228.35, 0, 761338.87, '2026-02-28'),
(51, '2026-03', 922835.0, 64598.45, 73826.8, 92283.5, 23070.88, 9228.35, 9228.35, 0, 761338.87, '2026-03-28'),
(51, '2026-04', 922835.0, 64598.45, 73826.8, 92283.5, 23070.88, 9228.35, 9228.35, 0, 761338.87, '2026-04-28'),
(51, '2026-05', 922835.0, 64598.45, 73826.8, 92283.5, 23070.88, 9228.35, 9228.35, 0, 761338.87, '2026-05-28'),
(51, '2026-06', 922835.0, 64598.45, 73826.8, 92283.5, 23070.88, 9228.35, 9228.35, 0, 761338.87, '2026-06-28'),
(52, '2026-01', 711773.1, 49824.12, 56941.85, 71177.31, 17794.33, 7117.73, 7117.73, 0, 587212.8, '2026-01-28'),
(52, '2026-02', 711773.1, 49824.12, 56941.85, 71177.31, 17794.33, 7117.73, 7117.73, 0, 587212.8, '2026-02-28'),
(52, '2026-03', 711773.1, 49824.12, 56941.85, 71177.31, 17794.33, 7117.73, 7117.73, 0, 587212.8, '2026-03-28'),
(52, '2026-04', 711773.1, 49824.12, 56941.85, 71177.31, 17794.33, 7117.73, 7117.73, 0, 587212.8, '2026-04-28'),
(52, '2026-05', 711773.1, 49824.12, 56941.85, 71177.31, 17794.33, 7117.73, 7117.73, 0, 587212.8, '2026-05-28'),
(52, '2026-06', 711773.1, 49824.12, 56941.85, 71177.31, 17794.33, 7117.73, 7117.73, 0, 587212.8, '2026-06-28'),
(53, '2026-01', 509851.07, 35689.57, 40788.09, 50985.11, 12746.28, 5098.51, 5098.51, 0, 420627.13, '2026-01-28'),
(53, '2026-02', 509851.07, 35689.57, 40788.09, 50985.11, 12746.28, 5098.51, 5098.51, 0, 420627.13, '2026-02-28'),
(53, '2026-03', 509851.07, 35689.57, 40788.09, 50985.11, 12746.28, 5098.51, 5098.51, 0, 420627.13, '2026-03-28'),
(53, '2026-04', 509851.07, 35689.57, 40788.09, 50985.11, 12746.28, 5098.51, 5098.51, 0, 420627.13, '2026-04-28'),
(53, '2026-05', 509851.07, 35689.57, 40788.09, 50985.11, 12746.28, 5098.51, 5098.51, 0, 420627.13, '2026-05-28'),
(53, '2026-06', 509851.07, 35689.57, 40788.09, 50985.11, 12746.28, 5098.51, 5098.51, 0, 420627.13, '2026-06-28'),
(54, '2026-01', 724627.66, 50723.94, 57970.21, 72462.77, 18115.69, 7246.28, 7246.28, 0, 597817.82, '2026-01-28'),
(54, '2026-02', 724627.66, 50723.94, 57970.21, 72462.77, 18115.69, 7246.28, 7246.28, 0, 597817.82, '2026-02-28'),
(54, '2026-03', 724627.66, 50723.94, 57970.21, 72462.77, 18115.69, 7246.28, 7246.28, 0, 597817.82, '2026-03-28'),
(54, '2026-04', 724627.66, 50723.94, 57970.21, 72462.77, 18115.69, 7246.28, 7246.28, 0, 597817.82, '2026-04-28'),
(54, '2026-05', 724627.66, 50723.94, 57970.21, 72462.77, 18115.69, 7246.28, 7246.28, 0, 597817.82, '2026-05-28'),
(54, '2026-06', 724627.66, 50723.94, 57970.21, 72462.77, 18115.69, 7246.28, 7246.28, 0, 597817.82, '2026-06-28'),
(55, '2026-01', 835819.13, 58507.34, 66865.53, 83581.91, 20895.48, 8358.19, 8358.19, 0, 689550.78, '2026-01-28'),
(55, '2026-02', 835819.13, 58507.34, 66865.53, 83581.91, 20895.48, 8358.19, 8358.19, 0, 689550.78, '2026-02-28'),
(55, '2026-03', 835819.13, 58507.34, 66865.53, 83581.91, 20895.48, 8358.19, 8358.19, 0, 689550.78, '2026-03-28'),
(55, '2026-04', 835819.13, 58507.34, 66865.53, 83581.91, 20895.48, 8358.19, 8358.19, 0, 689550.78, '2026-04-28'),
(55, '2026-05', 835819.13, 58507.34, 66865.53, 83581.91, 20895.48, 8358.19, 8358.19, 0, 689550.78, '2026-05-28'),
(55, '2026-06', 835819.13, 58507.34, 66865.53, 83581.91, 20895.48, 8358.19, 8358.19, 0, 689550.78, '2026-06-28'),
(56, '2026-01', 343332.28, 24033.26, 27466.58, 34333.23, 8583.31, 3433.32, 3433.32, 0, 283249.13, '2026-01-28'),
(56, '2026-02', 343332.28, 24033.26, 27466.58, 34333.23, 8583.31, 3433.32, 3433.32, 0, 283249.13, '2026-02-28'),
(56, '2026-03', 343332.28, 24033.26, 27466.58, 34333.23, 8583.31, 3433.32, 3433.32, 0, 283249.13, '2026-03-28'),
(56, '2026-04', 343332.28, 24033.26, 27466.58, 34333.23, 8583.31, 3433.32, 3433.32, 0, 283249.13, '2026-04-28'),
(56, '2026-05', 343332.28, 24033.26, 27466.58, 34333.23, 8583.31, 3433.32, 3433.32, 0, 283249.13, '2026-05-28'),
(56, '2026-06', 343332.28, 24033.26, 27466.58, 34333.23, 8583.31, 3433.32, 3433.32, 0, 283249.13, '2026-06-28'),
(58, '2026-01', 606174.18, 42432.19, 48493.93, 60617.42, 15154.35, 6061.74, 6061.74, 0, 500093.71, '2026-01-28'),
(58, '2026-02', 606174.18, 42432.19, 48493.93, 60617.42, 15154.35, 6061.74, 6061.74, 0, 500093.71, '2026-02-28'),
(58, '2026-03', 606174.18, 42432.19, 48493.93, 60617.42, 15154.35, 6061.74, 6061.74, 0, 500093.71, '2026-03-28'),
(58, '2026-04', 606174.18, 42432.19, 48493.93, 60617.42, 15154.35, 6061.74, 6061.74, 0, 500093.71, '2026-04-28'),
(58, '2026-05', 606174.18, 42432.19, 48493.93, 60617.42, 15154.35, 6061.74, 6061.74, 0, 500093.71, '2026-05-28'),
(58, '2026-06', 606174.18, 42432.19, 48493.93, 60617.42, 15154.35, 6061.74, 6061.74, 0, 500093.71, '2026-06-28'),
(59, '2026-01', 272057.15, 19044.0, 21764.57, 27205.72, 6801.43, 2720.57, 2720.57, 0, 224447.15, '2026-01-28'),
(59, '2026-02', 272057.15, 19044.0, 21764.57, 27205.72, 6801.43, 2720.57, 2720.57, 0, 224447.15, '2026-02-28'),
(59, '2026-03', 272057.15, 19044.0, 21764.57, 27205.72, 6801.43, 2720.57, 2720.57, 0, 224447.15, '2026-03-28'),
(59, '2026-04', 272057.15, 19044.0, 21764.57, 27205.72, 6801.43, 2720.57, 2720.57, 0, 224447.15, '2026-04-28'),
(59, '2026-05', 272057.15, 19044.0, 21764.57, 27205.72, 6801.43, 2720.57, 2720.57, 0, 224447.15, '2026-05-28'),
(59, '2026-06', 272057.15, 19044.0, 21764.57, 27205.72, 6801.43, 2720.57, 2720.57, 0, 224447.15, '2026-06-28'),
(60, '2026-01', 408109.78, 28567.68, 32648.78, 40810.98, 10202.74, 4081.1, 4081.1, 0, 336690.58, '2026-01-28'),
(60, '2026-02', 408109.78, 28567.68, 32648.78, 40810.98, 10202.74, 4081.1, 4081.1, 0, 336690.58, '2026-02-28'),
(60, '2026-03', 408109.78, 28567.68, 32648.78, 40810.98, 10202.74, 4081.1, 4081.1, 0, 336690.58, '2026-03-28'),
(60, '2026-04', 408109.78, 28567.68, 32648.78, 40810.98, 10202.74, 4081.1, 4081.1, 0, 336690.58, '2026-04-28'),
(60, '2026-05', 408109.78, 28567.68, 32648.78, 40810.98, 10202.74, 4081.1, 4081.1, 0, 336690.58, '2026-05-28'),
(60, '2026-06', 408109.78, 28567.68, 32648.78, 40810.98, 10202.74, 4081.1, 4081.1, 0, 336690.58, '2026-06-28');

-- 8. EXIT_INTERVIEWS
INSERT INTO exit_interviews (employee_id, exit_date, reason_category, reason_details, would_recommend, exit_rating) VALUES
(3, '2025-06-18', 'Company Restructuring', 'Role was affected by departmental restructuring.', 1, 2.79),
(4, '2025-11-13', 'Other', 'Did not specify a primary reason.', 1, 4.99),
(5, '2023-04-05', 'Other', 'Did not specify a primary reason.', 1, 2.37),
(12, '2026-03-25', 'Other', 'Did not specify a primary reason.', 1, 4.43),
(19, '2022-09-12', 'Career Growth', 'Felt limited growth opportunities in current role.', 1, 4.67),
(23, '2026-06-24', 'Management', 'Cited friction with direct supervisor.', 1, 3.53),
(25, '2025-01-01', 'Work-Life Balance', 'Sought a role with more flexible working hours.', 1, 2.71),
(28, '2026-06-22', 'Health', 'Left for personal health reasons.', 1, 3.4),
(32, '2022-05-11', 'Career Growth', 'Felt limited growth opportunities in current role.', 1, 2.93),
(47, '2024-08-29', 'Company Restructuring', 'Role was affected by departmental restructuring.', 0, 4.47),
(48, '2025-08-11', 'Health', 'Left for personal health reasons.', 1, 3.35),
(49, '2026-02-07', 'Health', 'Left for personal health reasons.', 1, 4.63),
(57, '2022-08-28', 'Management', 'Cited friction with direct supervisor.', 1, 3.3);

-- 9. JOB_REQUISITIONS
INSERT INTO job_requisitions (requisition_id, job_title_id, department_id, date_opened, date_closed, status, target_hires, hiring_manager_id) VALUES
(1, 2, 1, '2026-05-01', '2026-05-25', 'Closed', 1, 2),
(2, 6, 2, '2025-12-22', NULL, 'Open', 1, 3),
(3, 10, 4, '2025-10-21', '2025-12-15', 'Closed', 1, 2),
(4, 10, 4, '2026-03-07', '2026-04-23', 'Closed', 1, 5),
(5, 5, 2, '2025-11-13', NULL, 'On Hold', 1, 5),
(6, 2, 1, '2026-04-30', NULL, 'Open', 1, 1),
(7, 9, 3, '2026-03-16', '2026-05-06', 'Closed', 2, 5),
(8, 1, 1, '2026-02-05', NULL, 'Open', 1, 6),
(9, 10, 4, '2026-02-01', '2026-04-08', 'Closed', 2, 3),
(10, 15, 6, '2025-10-19', NULL, 'On Hold', 1, 4),
(11, 14, 5, '2026-02-01', '2026-03-09', 'Closed', 1, 3),
(12, 11, 4, '2026-04-06', NULL, 'Open', 1, 4);

-- 10. APPLICANTS
INSERT INTO applicants (requisition_id, full_name, email, phone, source, application_date, current_stage, rejection_reason, offer_date, hire_date, employee_id) VALUES
(1, 'Femi Afolabi', 'femi.afolabi@applicantmail.com', '07052831009', 'Career Site', '2026-05-04', 'Hired', NULL, '2026-05-15', '2026-05-22', NULL),
(1, 'Musa Ogunleye', 'musa.ogunleye@applicantmail.com', '07016792127', 'LinkedIn', '2026-05-04', 'Interview', NULL, NULL, NULL, NULL),
(1, 'Grace Sanni', 'grace.sanni@applicantmail.com', '07031434525', 'Agency', '2026-05-08', 'Interview', NULL, NULL, NULL, NULL),
(1, 'Wale Ojo', 'wale.ojo@applicantmail.com', '07031386576', 'Job Board', '2026-05-07', 'Rejected', 'Withdrew from process', NULL, NULL, NULL),
(2, 'Zainab Chukwu', 'zainab.chukwu@applicantmail.com', '07022086184', 'Agency', '2025-12-22', 'Rejected', 'Withdrew from process', NULL, NULL, NULL),
(2, 'Chinwe Ogunleye', 'chinwe.ogunleye@applicantmail.com', '07057364777', 'LinkedIn', '2026-01-09', 'Applied', NULL, NULL, NULL, NULL),
(2, 'Emeka Chukwu', 'emeka.chukwu@applicantmail.com', '07097813295', 'Agency', '2026-01-10', 'Rejected', 'Salary expectations too high', NULL, NULL, NULL),
(2, 'Yusuf Okafor', 'yusuf.okafor@applicantmail.com', '07027976443', 'Referral', '2026-01-04', 'Interview', NULL, NULL, NULL, NULL),
(2, 'Femi Danjuma', 'femi.danjuma@applicantmail.com', '07016072331', 'Agency', '2026-01-02', 'Rejected', 'Did not meet experience requirement', NULL, NULL, NULL),
(2, 'Wale Muhammed', 'wale.muhammed@applicantmail.com', '07084252324', 'LinkedIn', '2026-01-02', 'Interview', NULL, NULL, NULL, NULL),
(3, 'Grace Afolabi', 'grace.afolabi@applicantmail.com', '07083800569', 'Agency', '2025-11-14', 'Hired', NULL, '2025-12-03', '2025-12-07', NULL),
(3, 'Yetunde Eze', 'yetunde.eze@applicantmail.com', '07055511258', 'Agency', '2025-11-01', 'Withdrawn', NULL, NULL, NULL, NULL),
(3, 'Femi Danjuma', 'femi.danjuma@applicantmail.com', '07090861208', 'LinkedIn', '2025-10-27', 'Withdrawn', NULL, NULL, NULL, NULL),
(4, 'Kunle Adeyemi', 'kunle.adeyemi@applicantmail.com', '07028392710', 'Referral', '2026-03-08', 'Rejected', 'Withdrew from process', NULL, NULL, NULL),
(4, 'Chinwe Okonkwo', 'chinwe.okonkwo@applicantmail.com', '07028761086', 'Career Site', '2026-03-23', 'Hired', NULL, '2026-04-11', '2026-04-19', NULL),
(4, 'Aisha Yusuf', 'aisha.yusuf@applicantmail.com', '07050162553', 'Career Site', '2026-03-30', 'Withdrawn', NULL, NULL, NULL, NULL),
(4, 'Nnamdi Afolabi', 'nnamdi.afolabi@applicantmail.com', '07075746104', 'Career Site', '2026-03-24', 'Withdrawn', NULL, NULL, NULL, NULL),
(4, 'Olumide Okoye', 'olumide.okoye@applicantmail.com', '07054458225', 'Referral', '2026-03-18', 'Applied', NULL, NULL, NULL, NULL),
(4, 'Ogochukwu Umeh', 'ogochukwu.umeh@applicantmail.com', '07094457912', 'Job Board', '2026-04-01', 'Applied', NULL, NULL, NULL, NULL),
(5, 'Tobi Abubakar', 'tobi.abubakar@applicantmail.com', '07087641510', 'Walk-in', '2025-12-08', 'Withdrawn', NULL, NULL, NULL, NULL),
(5, 'Amaka Ojo', 'amaka.ojo@applicantmail.com', '07074484744', 'Referral', '2025-12-01', 'Screening', NULL, NULL, NULL, NULL),
(5, 'Adaobi Obi', 'adaobi.obi@applicantmail.com', '07061028283', 'Walk-in', '2025-12-02', 'Screening', NULL, NULL, NULL, NULL),
(5, 'Uche Adeyemi', 'uche.adeyemi@applicantmail.com', '07024749927', 'Career Site', '2025-12-05', 'Screening', NULL, NULL, NULL, NULL),
(5, 'Oluwaseun Ibrahim', 'oluwaseun.ibrahim@applicantmail.com', '07030324759', 'Job Board', '2025-11-26', 'Rejected', 'Failed technical assessment', NULL, NULL, NULL),
(5, 'Ogochukwu Afolabi', 'ogochukwu.afolabi@applicantmail.com', '07018359252', 'Career Site', '2025-11-28', 'Screening', NULL, NULL, NULL, NULL),
(5, 'Adaobi Nwosu', 'adaobi.nwosu@applicantmail.com', '07098882576', 'Career Site', '2025-11-23', 'Rejected', 'Withdrew from process', NULL, NULL, NULL),
(6, 'Blessing Bello', 'blessing.bello@applicantmail.com', '07055946354', 'Agency', '2026-05-17', 'Withdrawn', NULL, NULL, NULL, NULL),
(6, 'Halima Lawal', 'halima.lawal@applicantmail.com', '07096343485', 'Walk-in', '2026-05-21', 'Interview', NULL, NULL, NULL, NULL),
(6, 'Temitope Okoye', 'temitope.okoye@applicantmail.com', '07047447604', 'LinkedIn', '2026-05-07', 'Withdrawn', NULL, NULL, NULL, NULL),
(6, 'Olumide Ogunleye', 'olumide.ogunleye@applicantmail.com', '07048789478', 'Job Board', '2026-05-24', 'Screening', NULL, NULL, NULL, NULL),
(6, 'Zainab Adebayo', 'zainab.adebayo@applicantmail.com', '07085227370', 'Agency', '2026-05-11', 'Interview', NULL, NULL, NULL, NULL),
(6, 'Chiamaka Eze', 'chiamaka.eze@applicantmail.com', '07082905845', 'Career Site', '2026-05-21', 'Rejected', 'Better candidate selected', NULL, NULL, NULL),
(7, 'Halima Danjuma', 'halima.danjuma@applicantmail.com', '07015646068', 'LinkedIn', '2026-03-25', 'Hired', NULL, '2026-04-05', '2026-04-13', NULL),
(7, 'Musa Obi', 'musa.obi@applicantmail.com', '07074300930', 'Job Board', '2026-04-08', 'Hired', NULL, '2026-04-26', '2026-05-03', NULL),
(7, 'Nkechi Ekwueme', 'nkechi.ekwueme@applicantmail.com', '07024660143', 'Job Board', '2026-03-20', 'Withdrawn', NULL, NULL, NULL, NULL),
(7, 'Chioma Ogunleye', 'chioma.ogunleye@applicantmail.com', '07099903592', 'LinkedIn', '2026-03-17', 'Withdrawn', NULL, NULL, NULL, NULL),
(7, 'Amaka Obi', 'amaka.obi@applicantmail.com', '07023448342', 'LinkedIn', '2026-03-17', 'Rejected', 'Salary expectations too high', NULL, NULL, NULL),
(7, 'Tobi Eze', 'tobi.eze@applicantmail.com', '07028450513', 'Walk-in', '2026-04-09', 'Applied', NULL, NULL, NULL, NULL),
(7, 'Nkechi Bello', 'nkechi.bello@applicantmail.com', '07073847325', 'Agency', '2026-04-05', 'Rejected', 'Failed technical assessment', NULL, NULL, NULL),
(7, 'Chiamaka Adebayo', 'chiamaka.adebayo@applicantmail.com', '07017940667', 'Job Board', '2026-04-05', 'Applied', NULL, NULL, NULL, NULL),
(7, 'Wale Ogunleye', 'wale.ogunleye@applicantmail.com', '07015006085', 'Career Site', '2026-04-08', 'Screening', NULL, NULL, NULL, NULL),
(8, 'Chukwuemeka Adeyemi', 'chukwuemeka.adeyemi@applicantmail.com', '07076489301', 'Agency', '2026-03-02', 'Screening', NULL, NULL, NULL, NULL),
(8, 'Chiamaka Adeyemi', 'chiamaka.adeyemi@applicantmail.com', '07086230551', 'Referral', '2026-02-14', 'Withdrawn', NULL, NULL, NULL, NULL),
(8, 'Ngozi Adebayo', 'ngozi.adebayo@applicantmail.com', '07096075494', 'Job Board', '2026-02-19', 'Withdrawn', NULL, NULL, NULL, NULL),
(8, 'Adaobi Okoye', 'adaobi.okoye@applicantmail.com', '07072816684', 'LinkedIn', '2026-02-21', 'Interview', NULL, NULL, NULL, NULL),
(8, 'Folake Ogunbiyi', 'folake.ogunbiyi@applicantmail.com', '07031809610', 'Referral', '2026-02-15', 'Rejected', 'Salary expectations too high', NULL, NULL, NULL),
(8, 'Chukwuemeka Okafor', 'chukwuemeka.okafor@applicantmail.com', '07049597485', 'Walk-in', '2026-02-15', 'Withdrawn', NULL, NULL, NULL, NULL),
(9, 'Folake Bello', 'folake.bello@applicantmail.com', '07064423996', 'Career Site', '2026-02-21', 'Withdrawn', NULL, NULL, NULL, NULL),
(9, 'Blessing Balogun', 'blessing.balogun@applicantmail.com', '07022802372', 'Agency', '2026-02-22', 'Hired', NULL, '2026-03-06', '2026-03-16', NULL),
(9, 'Blessing Ogunleye', 'blessing.ogunleye@applicantmail.com', '07061482483', 'Referral', '2026-02-09', 'Hired', NULL, '2026-02-23', '2026-03-03', NULL),
(9, 'Olumide Umeh', 'olumide.umeh@applicantmail.com', '07011534878', 'Walk-in', '2026-02-19', 'Interview', NULL, NULL, NULL, NULL),
(9, 'Femi Ekwueme', 'femi.ekwueme@applicantmail.com', '07099628735', 'LinkedIn', '2026-02-02', 'Applied', NULL, NULL, NULL, NULL),
(9, 'Chinwe Chukwu', 'chinwe.chukwu@applicantmail.com', '07077447155', 'LinkedIn', '2026-02-13', 'Interview', NULL, NULL, NULL, NULL),
(9, 'Kelechi Obi', 'kelechi.obi@applicantmail.com', '07092493631', 'Job Board', '2026-02-12', 'Screening', NULL, NULL, NULL, NULL),
(9, 'Amaka Okonkwo', 'amaka.okonkwo@applicantmail.com', '07071066203', 'Agency', '2026-02-05', 'Withdrawn', NULL, NULL, NULL, NULL),
(10, 'Ogochukwu Ekwueme', 'ogochukwu.ekwueme@applicantmail.com', '07082144402', 'Career Site', '2025-11-03', 'Screening', NULL, NULL, NULL, NULL),
(10, 'Uche Lawal', 'uche.lawal@applicantmail.com', '07020988446', 'Career Site', '2025-11-13', 'Withdrawn', NULL, NULL, NULL, NULL),
(10, 'Musa Afolabi', 'musa.afolabi@applicantmail.com', '07020482769', 'Walk-in', '2025-10-30', 'Withdrawn', NULL, NULL, NULL, NULL),
(10, 'Kelechi Adeyemi', 'kelechi.adeyemi@applicantmail.com', '07037133023', 'Career Site', '2025-11-04', 'Withdrawn', NULL, NULL, NULL, NULL),
(10, 'Yusuf Okonkwo', 'yusuf.okonkwo@applicantmail.com', '07079839059', 'LinkedIn', '2025-10-29', 'Rejected', 'Did not meet experience requirement', NULL, NULL, NULL),
(11, 'Segun Ekwueme', 'segun.ekwueme@applicantmail.com', '07022205980', 'Career Site', '2026-02-16', 'Rejected', 'Did not meet experience requirement', NULL, NULL, NULL),
(11, 'Chinwe Okonkwo', 'chinwe.okonkwo@applicantmail.com', '07071310453', 'Career Site', '2026-02-14', 'Withdrawn', NULL, NULL, NULL, NULL),
(11, 'Chinwe Lawal', 'chinwe.lawal@applicantmail.com', '07012921981', 'Job Board', '2026-02-24', 'Hired', NULL, '2026-03-06', '2026-03-12', NULL),
(11, 'Chioma Balogun', 'chioma.balogun@applicantmail.com', '07056241881', 'Referral', '2026-02-14', 'Applied', NULL, NULL, NULL, NULL),
(11, 'Yusuf Adeyemi', 'yusuf.adeyemi@applicantmail.com', '07014259382', 'Referral', '2026-02-16', 'Interview', NULL, NULL, NULL, NULL),
(11, 'Ogochukwu Bello', 'ogochukwu.bello@applicantmail.com', '07096104027', 'LinkedIn', '2026-02-25', 'Rejected', 'Salary expectations too high', NULL, NULL, NULL),
(11, 'Grace Ibrahim', 'grace.ibrahim@applicantmail.com', '07020770971', 'Agency', '2026-02-13', 'Withdrawn', NULL, NULL, NULL, NULL),
(11, 'Yetunde Obi', 'yetunde.obi@applicantmail.com', '07033954324', 'Job Board', '2026-02-04', 'Withdrawn', NULL, NULL, NULL, NULL),
(12, 'Adaobi Okonkwo', 'adaobi.okonkwo@applicantmail.com', '07010466177', 'Walk-in', '2026-04-13', 'Applied', NULL, NULL, NULL, NULL),
(12, 'Olumide Ibrahim', 'olumide.ibrahim@applicantmail.com', '07083074216', 'Walk-in', '2026-04-29', 'Rejected', 'Withdrew from process', NULL, NULL, NULL),
(12, 'Grace Ogunleye', 'grace.ogunleye@applicantmail.com', '07056460773', 'LinkedIn', '2026-04-20', 'Screening', NULL, NULL, NULL, NULL),
(12, 'Babatunde Nwosu', 'babatunde.nwosu@applicantmail.com', '07025145751', 'Walk-in', '2026-04-30', 'Applied', NULL, NULL, NULL, NULL),
(12, 'Ogochukwu Sanni', 'ogochukwu.sanni@applicantmail.com', '07037659807', 'Referral', '2026-04-13', 'Applied', NULL, NULL, NULL, NULL),
(12, 'Ngozi Sanni', 'ngozi.sanni@applicantmail.com', '07090233330', 'Referral', '2026-04-20', 'Applied', NULL, NULL, NULL, NULL);